N,P,K,temperature,humidity,rainfall,label
20.6,17.2,23.5,34.7,68.2,104.7,mango
48.8,38.1,66.1,22.4,64.8,74.7,wheat
81.8,84.9,99.5,17.5,79.0,94.3,potato
76.7,39.8,51.1,26.3,79.1,131.6,sugarcane
63.4,39.9,140.7,20.6,81.3,92.3,potato
79.2,38.1,69.0,19.3,77.3,80.2,potato
74.8,49.7,42.6,28.7,75.9,159.0,sugarcane
12.2,35.9,68.1,29.7,45.1,104.3,groundnut
66.5,49.9,26.8,28.7,87.9,185.9,rice
79.9,56.6,70.4,19.9,71.3,88.9,potato
67.6,41.8,44.1,23.9,77.9,207.3,rice
71.7,51.3,100.8,19.4,74.3,126.4,potato
57.6,66.5,50.7,33.3,76.5,107.1,soybean
77.5,41.5,46.2,24.8,69.0,86.7,maize
132.3,41.0,33.0,16.0,63.5,98.4,wheat
111.6,43.3,43.9,18.9,67.7,74.1,wheat
108.8,52.6,29.1,28.2,72.8,85.7,cotton
70.6,63.1,47.1,23.9,85.2,229.2,rice
37.2,26.4,38.9,33.1,65.4,75.1,groundnut
14.2,21.9,38.1,31.0,53.5,98.1,mango
136.6,40.8,50.0,33.4,79.4,87.9,cotton
12.5,36.1,46.3,22.7,57.2,64.6,groundnut
13.4,22.2,37.6,28.6,47.1,150.8,mango
42.3,65.7,52.3,25.4,68.5,65.7,soybean
10.8,12.4,46.8,32.8,62.5,104.7,mango
95.6,39.9,37.3,23.0,79.8,211.3,rice
50.3,85.1,48.0,35.2,69.5,96.1,soybean
84.9,51.9,48.9,30.9,64.5,152.8,sugarcane
113.3,40.9,37.7,25.9,71.0,105.6,cotton
84.2,53.3,40.1,27.9,80.7,281.6,rice
131.3,39.5,53.0,23.5,75.3,64.8,cotton
79.7,31.6,56.9,28.4,64.6,190.0,sugarcane
92.8,56.8,65.7,27.7,69.6,68.1,maize
74.2,40.6,57.6,26.6,66.9,203.0,sugarcane
49.9,45.7,31.1,28.0,70.6,162.5,soybean
90.8,71.1,63.1,28.1,67.0,126.1,maize
25.4,53.0,56.1,22.5,75.4,82.7,groundnut
70.5,58.3,90.5,20.8,82.3,63.8,potato
48.3,62.0,40.4,28.1,66.0,40.5,soybean
92.6,50.9,60.8,24.6,61.1,57.6,wheat
87.8,37.7,41.9,23.5,78.9,157.8,rice
8.1,37.8,47.6,30.0,51.5,93.8,mango
113.9,49.6,42.9,24.4,55.9,76.1,wheat
103.3,47.5,60.1,19.8,68.5,111.9,maize
14.9,32.8,119.5,23.3,84.8,91.9,tomato
113.2,56.4,42.6,24.3,72.7,163.0,sugarcane
76.2,60.7,50.1,18.9,74.3,91.6,maize
75.4,41.0,44.9,25.4,72.9,173.1,sugarcane
110.9,62.6,37.5,26.9,85.2,241.1,rice
24.5,42.1,61.2,30.0,66.5,110.4,groundnut
22.9,24.8,104.9,21.4,89.7,128.3,tomato
134.5,36.0,44.2,22.8,53.7,44.8,wheat
30.7,17.3,98.4,27.9,90.7,113.3,tomato
78.2,36.8,54.1,20.4,83.6,87.9,wheat
101.6,60.0,43.7,26.4,68.8,143.9,sugarcane
28.2,29.5,46.6,27.3,68.6,64.1,groundnut
87.3,49.7,95.2,17.9,77.5,92.4,potato
21.4,45.5,65.1,31.4,53.6,84.5,groundnut
28.4,84.3,46.8,23.9,86.7,98.4,soybean
83.8,27.4,39.7,21.4,72.9,78.5,wheat
29.4,26.7,109.4,28.2,81.6,94.3,tomato
94.2,55.5,48.7,22.9,70.8,77.1,cotton
22.0,26.2,45.4,29.2,54.8,103.1,groundnut
36.1,79.8,30.5,31.1,60.9,74.4,soybean
14.7,20.1,35.0,30.1,69.5,107.5,mango
16.7,21.6,49.6,29.9,51.8,98.9,mango
96.7,46.8,32.5,25.3,79.0,155.0,sugarcane
5.2,33.9,150.8,30.6,80.3,76.9,tomato
76.2,60.0,13.5,27.2,88.2,137.8,rice
9.3,21.0,103.2,27.9,75.2,94.0,tomato
22.2,15.6,115.4,26.6,83.4,106.4,tomato
113.0,25.0,52.5,17.0,61.9,85.0,wheat
57.4,49.0,103.7,11.7,78.9,75.9,potato
38.1,53.0,34.8,30.9,76.1,102.8,soybean
121.4,54.5,48.0,22.4,84.5,67.2,cotton
112.4,36.3,45.8,19.9,74.0,79.0,wheat
29.4,44.1,41.9,24.5,53.3,83.8,groundnut
118.5,42.0,42.2,15.5,81.3,70.2,cotton
93.7,40.0,29.5,21.8,72.1,71.0,wheat
10.0,24.9,38.7,28.9,41.8,92.9,mango
85.0,37.5,55.5,25.2,87.9,202.0,rice
102.5,41.9,59.1,27.2,74.3,143.7,sugarcane
9.5,27.0,118.3,26.6,77.1,103.2,tomato
29.3,19.5,111.4,28.6,84.5,96.3,tomato
12.6,38.5,32.7,26.8,65.3,62.9,groundnut
21.5,16.1,114.8,26.4,79.5,113.4,tomato
8.1,35.4,47.4,26.5,65.4,88.8,groundnut
93.0,72.7,36.6,26.4,48.3,85.4,maize
90.7,42.0,44.8,19.2,69.7,70.5,wheat
12.4,44.5,55.4,24.7,63.9,73.3,groundnut
29.1,20.3,120.5,26.1,77.3,101.6,tomato
23.1,45.8,59.6,30.4,63.6,77.1,groundnut
111.2,40.8,47.4,17.2,66.4,51.7,wheat
69.9,47.6,42.8,15.6,62.5,65.0,wheat
9.0,20.6,37.0,27.7,46.1,71.7,mango
18.0,22.7,29.6,30.9,58.9,118.9,mango
144.5,30.9,48.9,22.8,71.5,84.4,cotton
66.6,76.4,90.5,20.7,79.3,76.3,potato
0.0,23.2,116.8,23.1,73.5,85.3,tomato
11.0,17.5,36.5,28.1,54.5,71.0,mango
85.1,39.5,28.1,30.2,79.2,166.0,sugarcane
80.3,66.5,41.9,31.2,75.2,108.7,sugarcane
124.3,44.7,57.6,28.0,67.2,144.0,maize
42.2,71.6,108.2,20.3,85.5,70.4,potato
96.7,42.8,39.5,24.8,68.9,94.7,wheat
80.9,53.8,35.3,24.5,70.3,152.4,sugarcane
137.9,62.0,26.6,19.6,76.3,91.7,cotton
110.3,34.7,30.3,11.4,64.8,115.4,wheat
132.6,50.9,41.6,26.0,86.2,97.4,cotton
95.0,81.3,34.2,23.9,66.9,116.2,maize
104.7,37.7,54.0,26.3,70.7,69.2,cotton
14.5,23.9,106.1,29.9,78.8,122.6,tomato
48.4,77.7,23.1,32.0,60.4,91.1,soybean
14.1,7.7,65.1,25.0,61.7,50.9,groundnut
116.4,42.0,32.9,26.1,76.8,93.1,cotton
101.7,31.9,33.7,21.6,68.3,108.0,wheat
28.6,67.3,16.2,29.6,67.9,99.0,soybean
68.6,40.1,53.6,24.6,66.0,86.3,sugarcane
100.8,30.0,49.4,18.5,63.2,60.1,wheat
38.0,39.0,47.0,25.9,64.5,51.9,groundnut
10.5,33.2,45.8,30.6,44.6,96.2,mango
43.1,55.6,37.3,33.1,74.6,99.2,soybean
34.5,62.0,30.2,34.4,69.4,76.6,soybean
103.3,54.9,46.5,23.3,50.4,106.8,maize
64.5,44.1,31.7,15.9,52.8,102.3,wheat
14.6,25.2,113.1,25.1,87.7,102.1,tomato
77.7,53.8,35.3,21.1,61.4,104.5,maize
64.3,43.8,48.1,28.1,76.3,114.0,sugarcane
34.5,65.2,42.7,28.8,69.4,66.5,soybean
108.5,40.2,35.6,21.5,79.4,76.2,wheat
10.6,27.3,49.6,28.8,43.1,102.4,mango
14.8,26.0,37.3,32.3,47.2,105.7,mango
106.4,33.4,51.5,26.3,80.6,87.7,cotton
70.0,49.0,28.3,23.5,72.8,112.9,maize
96.9,38.0,53.1,26.5,82.9,123.8,sugarcane
62.2,74.5,91.0,20.2,85.1,61.8,potato
15.7,28.6,52.4,29.6,53.3,78.5,mango
12.7,27.8,21.6,29.9,36.6,69.8,mango
19.3,45.7,52.7,31.1,75.3,86.1,groundnut
10.5,27.4,116.3,20.2,90.9,91.3,tomato
55.0,64.8,80.2,18.3,87.7,78.9,potato
77.1,41.1,41.7,19.4,64.0,42.4,wheat
6.0,32.9,55.0,29.9,59.6,73.9,groundnut
80.8,36.0,55.5,30.6,67.2,94.4,sugarcane
23.1,18.2,112.0,27.9,85.6,92.1,tomato
99.7,64.3,32.0,24.0,58.8,133.3,maize
112.7,41.6,52.6,26.4,72.9,83.4,cotton
72.3,63.2,119.7,19.0,74.8,75.7,potato
124.0,33.4,31.5,21.6,74.5,94.4,wheat
84.6,27.9,26.5,26.5,82.9,194.5,rice
27.9,46.2,43.7,36.7,54.8,58.3,groundnut
112.7,51.2,46.0,25.5,74.4,168.4,sugarcane
99.7,36.6,41.6,25.9,76.9,107.0,cotton
59.1,45.0,52.1,26.2,54.0,129.5,soybean
89.0,40.9,43.6,16.9,75.1,62.7,wheat
77.2,40.6,54.5,25.4,87.2,155.4,rice
101.6,63.7,43.0,23.2,56.3,120.9,maize
26.9,59.9,51.2,27.3,62.9,82.5,groundnut
82.3,53.7,54.8,23.1,65.4,101.3,maize
13.1,53.3,44.5,24.2,61.6,75.2,groundnut
161.4,30.8,24.5,27.4,75.9,73.6,cotton
98.0,33.3,60.5,28.0,70.6,145.8,sugarcane
118.6,45.6,40.1,25.0,83.0,195.7,rice
30.5,63.3,26.0,35.3,64.8,98.6,soybean
11.0,34.9,39.8,33.5,53.3,106.1,mango
8.4,23.8,129.4,25.1,85.4,85.8,tomato
11.0,57.6,42.3,27.3,67.6,68.7,groundnut
49.2,72.3,84.2,15.8,74.5,95.2,potato
97.8,31.0,34.6,23.7,73.7,92.2,wheat
15.2,28.1,51.8,22.4,68.7,77.8,groundnut
48.7,83.0,43.3,21.5,61.0,129.9,soybean
109.1,46.1,39.4,19.0,77.7,73.9,cotton
17.0,30.0,25.7,33.1,54.1,118.7,mango
15.8,27.0,34.2,31.1,36.7,124.8,mango
73.6,58.5,49.8,24.4,73.6,159.1,maize
66.9,48.7,116.8,21.4,85.9,80.2,potato
137.0,50.3,41.1,24.4,83.1,105.5,cotton
73.4,68.1,90.7,16.6,67.6,83.1,potato
101.6,45.9,44.0,23.9,79.9,162.7,sugarcane
16.3,48.0,56.5,28.9,75.5,69.2,groundnut
62.0,59.5,111.2,13.0,82.0,74.2,potato
105.8,50.9,47.1,26.1,80.5,79.2,cotton
11.3,19.4,38.4,30.7,38.5,113.8,mango
40.2,45.7,41.6,29.1,64.3,124.8,soybean
97.3,44.6,61.7,28.1,61.9,134.1,sugarcane
90.8,34.2,22.8,24.7,76.4,60.7,cotton
18.9,31.3,45.3,30.9,66.1,101.1,mango
24.0,47.0,53.9,24.9,70.2,88.5,groundnut
10.8,74.7,40.3,24.0,67.5,111.9,soybean
51.0,61.5,92.5,22.5,87.9,97.3,potato
114.4,49.0,49.9,27.2,74.1,74.3,cotton
102.3,25.6,51.2,18.0,80.0,101.6,wheat
72.0,69.6,78.6,24.7,76.2,74.7,potato
126.0,55.6,42.3,17.7,68.7,66.4,wheat
85.4,38.1,49.0,25.6,86.1,218.9,rice
82.3,39.4,38.1,24.1,63.0,94.0,maize
27.3,75.5,36.1,26.7,58.9,90.2,soybean
93.5,54.4,53.9,27.9,65.5,151.5,sugarcane
105.0,45.8,43.1,26.4,78.4,43.3,cotton
24.6,25.0,123.3,29.1,91.6,80.9,tomato
15.0,23.8,38.2,30.4,39.5,101.0,mango
66.4,59.3,56.3,25.9,60.1,111.4,maize
83.4,55.5,56.8,24.1,87.4,198.8,rice
117.6,43.9,55.2,21.8,75.4,100.7,cotton
76.8,68.3,39.1,24.9,65.2,52.0,maize
92.7,31.6,31.6,14.1,81.4,57.9,wheat
14.1,29.5,130.6,25.9,79.3,73.0,tomato
58.5,65.2,98.3,18.8,77.7,106.9,potato
52.1,70.9,60.6,24.7,60.9,96.8,soybean
92.2,32.7,42.3,27.6,74.0,205.5,rice
26.0,48.8,52.9,29.1,74.5,66.7,groundnut
112.8,36.9,31.6,23.8,71.4,184.2,rice
116.0,23.8,31.5,16.8,72.6,114.2,wheat
79.0,48.3,43.2,25.8,90.1,213.6,rice
127.9,16.5,34.4,21.6,78.5,69.2,cotton
18.3,33.7,32.3,28.3,60.5,116.2,mango
34.3,76.7,47.5,27.2,53.0,99.7,soybean
100.4,45.5,30.2,23.3,70.7,94.4,wheat
80.8,54.6,50.9,26.0,69.6,124.2,maize
73.4,56.3,81.5,22.8,79.4,114.6,potato
115.5,56.2,66.4,27.8,82.0,128.3,sugarcane
54.6,44.0,30.1,22.8,82.9,241.8,rice
74.2,42.6,52.8,18.7,74.2,134.7,maize
34.4,68.5,30.9,31.1,62.0,67.4,soybean
7.3,17.9,32.2,28.5,46.1,106.1,mango
11.3,16.4,32.6,30.5,39.7,81.3,mango
103.0,52.1,24.2,26.9,59.9,70.3,maize
91.4,35.8,48.7,27.7,84.1,256.3,rice
22.4,34.8,41.7,27.3,70.5,91.0,groundnut
87.4,55.3,36.6,14.9,56.1,104.7,wheat
26.5,39.5,51.0,29.3,69.4,109.2,mango
101.1,45.3,41.3,21.5,65.5,40.5,wheat
7.8,46.4,43.3,24.7,56.2,88.7,groundnut
17.2,28.6,116.6,31.0,78.6,87.7,tomato
26.7,32.9,50.3,25.3,63.5,68.9,groundnut
105.3,34.2,17.6,19.6,76.4,98.5,wheat
30.5,51.6,55.8,27.2,74.1,96.2,soybean
94.1,28.5,44.6,26.5,76.5,185.8,sugarcane
33.2,51.9,92.8,13.4,73.1,40.4,potato
116.3,45.8,39.4,26.2,64.6,75.4,maize
87.0,51.6,54.9,30.5,85.1,103.3,cotton
21.1,14.1,139.9,21.0,78.0,133.5,tomato
96.7,57.5,38.8,18.9,56.4,147.8,maize
86.1,57.8,53.4,26.9,71.4,131.0,sugarcane
72.5,64.2,108.5,20.1,89.8,84.7,potato
74.6,56.6,29.2,26.2,85.0,190.7,rice
64.9,32.3,63.8,27.2,77.3,83.4,sugarcane
13.2,17.2,56.4,26.4,44.1,84.3,mango
78.6,50.8,23.8,32.1,78.2,154.5,sugarcane
86.7,61.8,78.8,17.1,77.2,59.6,potato
39.8,71.4,50.7,24.5,49.3,85.3,soybean
114.2,42.3,51.5,20.9,60.1,87.2,wheat
30.1,70.7,49.1,30.3,64.5,57.5,soybean
84.5,47.1,33.6,23.0,67.3,95.3,maize
20.7,27.2,115.2,21.9,78.6,99.8,tomato
40.3,81.6,29.0,27.1,52.9,74.9,soybean
75.9,57.1,47.3,26.3,50.8,126.6,maize
126.5,45.4,28.6,21.1,81.7,37.3,cotton
6.9,13.6,37.4,29.7,56.8,118.9,mango
51.8,67.3,88.7,18.7,88.7,66.8,potato
72.0,39.2,37.2,20.4,74.4,241.0,rice
12.4,25.9,37.1,30.2,60.3,96.9,mango
83.2,32.5,41.7,25.8,77.6,204.6,rice
25.5,9.8,97.6,26.5,79.5,87.5,tomato
40.0,65.7,34.5,25.7,83.3,146.7,soybean
13.3,24.6,107.9,22.9,71.7,124.4,tomato
82.0,46.4,38.7,21.8,60.6,76.7,wheat
56.2,52.6,47.9,25.9,77.2,198.6,rice
83.3,61.5,30.1,20.9,70.1,88.3,wheat
52.6,68.7,52.3,29.0,61.9,132.7,soybean
62.6,44.1,108.4,20.9,84.1,98.9,potato
4.7,18.9,52.8,27.0,50.0,100.9,mango
56.3,57.2,29.3,31.0,72.3,102.6,maize
26.6,46.5,48.8,24.5,59.5,103.0,groundnut
6.2,37.0,51.6,30.0,60.6,86.2,mango
16.9,28.7,49.4,28.7,38.6,98.2,mango
110.8,37.7,46.7,25.9,87.2,54.8,cotton
84.4,58.7,51.5,18.3,60.1,105.3,maize
16.4,23.5,125.0,27.7,83.2,75.8,tomato
121.7,44.7,41.7,22.5,76.1,91.2,wheat
13.3,28.7,35.5,30.9,54.4,127.1,mango
1.1,18.6,120.9,25.2,76.2,63.7,tomato
115.0,41.7,32.6,21.5,82.8,69.0,cotton
63.8,47.7,90.5,13.3,79.5,124.2,potato
67.1,80.7,124.6,13.2,83.5,76.4,potato
79.7,35.0,39.8,24.4,83.6,175.2,rice
106.4,53.4,23.2,20.3,63.7,93.4,wheat
22.3,48.9,55.9,27.5,71.1,88.0,groundnut
54.4,44.4,43.8,24.9,71.7,197.3,rice
92.6,38.5,35.5,21.2,79.7,127.3,rice
73.3,53.4,71.9,25.1,74.0,58.8,potato
13.4,19.3,115.2,23.6,84.9,127.8,tomato
9.5,24.8,114.2,23.7,94.9,108.4,tomato
13.8,24.0,56.3,32.5,56.8,111.8,groundnut
95.3,75.6,31.9,24.9,60.7,60.8,maize
94.8,56.0,47.6,19.1,70.6,73.3,wheat
101.6,30.6,51.6,25.0,77.1,213.9,rice
16.8,49.2,62.2,23.0,74.1,121.2,groundnut
22.3,23.6,44.0,31.6,49.2,119.5,mango
71.1,61.1,34.0,23.8,57.0,116.3,maize
108.0,66.0,33.8,20.2,62.4,94.7,maize
78.4,34.6,34.5,22.6,91.8,201.1,rice
11.6,19.7,37.1,29.1,54.4,110.5,mango
33.9,28.1,126.3,23.0,84.9,85.5,tomato
113.4,39.2,57.7,22.9,73.8,93.3,cotton
13.8,37.3,36.5,31.6,56.8,92.9,mango
20.1,60.6,47.7,27.8,68.7,61.9,soybean
57.9,60.0,95.9,17.6,75.9,89.4,potato
72.9,50.8,67.2,26.8,77.0,178.6,sugarcane
89.4,36.4,29.3,26.0,80.9,221.4,rice
27.2,60.2,43.9,30.7,64.9,128.9,soybean
25.9,37.0,75.3,27.3,63.2,64.1,groundnut
67.6,83.7,107.0,20.8,83.4,87.9,potato
97.8,40.5,79.3,25.0,69.5,133.0,sugarcane
53.7,66.9,52.7,30.5,55.2,135.6,soybean
82.2,61.7,42.4,28.7,49.4,103.6,maize
21.4,28.8,128.0,20.7,87.0,118.7,tomato
5.3,20.3,129.4,31.4,76.0,91.5,tomato
13.3,14.3,38.9,29.3,49.6,136.8,mango
24.6,21.2,93.6,25.2,77.1,101.6,tomato
76.2,32.5,56.3,22.1,79.8,203.9,rice
25.6,44.3,42.5,24.6,85.0,70.3,groundnut
95.7,39.6,53.2,25.4,92.4,179.3,rice
95.8,30.1,40.7,20.2,63.2,67.0,wheat
67.2,53.7,50.0,23.9,78.0,175.0,sugarcane
98.7,39.5,58.9,26.7,76.2,66.4,maize
14.9,35.4,40.8,27.0,61.6,76.3,mango
98.2,44.6,34.9,21.7,81.6,84.3,cotton
11.2,29.2,39.5,30.0,54.7,73.4,groundnut
81.6,39.0,46.7,26.8,79.4,78.9,cotton
78.4,52.2,46.0,26.4,66.6,107.8,maize
92.4,51.6,48.1,30.8,71.5,98.8,maize
30.3,25.4,147.7,27.6,87.3,93.5,tomato
78.1,49.7,31.5,19.7,61.9,104.0,maize
86.8,37.0,28.5,17.5,61.2,97.5,wheat
32.2,42.2,58.5,28.0,73.5,88.0,groundnut
114.4,27.1,32.4,21.4,76.9,87.1,wheat
77.1,47.2,48.7,26.0,82.8,210.9,rice
53.0,83.5,28.7,26.5,74.5,96.3,soybean
23.8,39.1,44.4,25.2,74.0,80.6,groundnut
7.4,16.1,127.9,26.0,86.7,103.6,tomato
138.0,39.4,34.9,15.5,50.6,48.3,wheat
12.5,31.7,40.5,31.2,48.1,91.4,mango
85.3,51.7,43.4,26.9,79.3,243.4,sugarcane
102.8,75.2,40.6,25.1,57.8,129.3,maize
4.4,52.7,51.9,26.9,71.9,110.5,groundnut
107.5,31.0,33.3,23.4,55.5,112.9,wheat
25.7,35.4,39.1,31.7,36.9,163.1,mango
17.2,22.3,126.0,23.6,84.3,92.7,tomato
77.2,42.1,43.6,27.4,77.2,122.7,sugarcane
70.6,49.0,44.9,25.5,79.2,179.9,rice
96.5,60.6,48.1,36.8,48.3,143.1,maize
12.7,17.2,127.2,24.3,82.8,69.0,tomato
21.6,42.8,46.6,28.7,60.3,105.5,groundnut
105.0,55.1,21.6,22.4,78.9,200.8,rice
103.9,71.8,33.3,28.0,67.7,94.3,maize
34.5,49.3,19.8,32.7,71.4,120.1,groundnut
26.2,40.9,45.0,25.1,67.9,56.5,groundnut
53.0,69.5,77.9,22.2,76.8,72.2,potato
33.2,72.0,53.1,26.2,73.5,89.2,soybean
77.0,62.3,35.7,27.3,70.5,146.2,maize
114.5,45.2,35.6,21.3,71.4,95.1,wheat
149.9,45.2,31.1,24.9,73.7,89.5,cotton
95.3,69.4,53.8,26.1,85.0,225.6,rice
117.1,46.8,36.3,28.5,72.9,89.8,cotton
103.7,57.3,52.5,23.9,51.4,76.9,maize
23.1,51.9,53.5,27.8,73.3,84.7,groundnut
90.7,38.9,68.4,15.5,67.0,89.4,wheat
54.9,58.4,35.9,26.8,67.5,91.0,soybean
112.4,60.6,42.2,17.8,63.5,107.5,wheat
40.1,20.0,91.1,30.5,85.1,84.7,tomato
14.0,38.6,31.1,29.9,37.4,109.3,mango
80.1,45.5,35.5,26.2,76.7,195.7,rice
22.1,39.9,40.5,29.5,64.7,70.0,groundnut
22.4,20.2,113.5,32.0,74.6,114.7,tomato
14.8,23.3,120.0,22.8,75.7,79.9,tomato
51.4,32.6,36.9,26.4,43.0,87.5,maize
30.8,28.3,31.8,33.6,53.8,83.7,groundnut
8.2,23.7,35.3,32.8,59.4,102.7,mango
30.9,15.8,137.2,26.6,83.3,60.6,tomato
25.8,11.6,102.2,27.7,81.7,90.9,tomato
103.3,48.1,52.0,27.0,71.9,156.5,sugarcane
93.3,47.0,38.8,24.1,72.8,123.0,maize
15.4,41.2,54.5,28.6,68.7,88.7,groundnut
17.7,29.2,155.2,21.8,81.5,76.4,tomato
114.2,56.9,53.2,27.8,77.2,58.4,cotton
90.8,61.0,41.1,22.7,73.4,141.4,maize
32.9,4.9,109.5,25.4,89.3,67.3,tomato
141.8,44.2,31.8,23.8,81.1,104.6,cotton
17.2,18.9,116.8,27.0,81.1,98.7,tomato
30.5,39.1,56.8,24.8,76.0,123.0,groundnut
20.4,53.0,58.7,28.7,57.9,60.8,groundnut
76.1,59.5,62.5,23.5,56.5,137.0,maize
121.1,46.8,36.3,25.6,76.4,71.9,cotton
70.7,49.9,35.3,27.5,72.2,111.3,maize
62.6,20.9,53.0,27.3,73.3,146.8,sugarcane
52.9,56.4,123.6,18.9,75.6,62.4,potato
24.0,41.8,34.8,27.0,77.9,66.8,groundnut
101.3,45.2,26.4,18.4,71.4,54.9,wheat
102.8,43.9,59.7,29.6,70.9,144.5,maize
127.5,43.7,61.0,29.9,76.3,124.7,sugarcane
113.3,51.7,43.8,16.1,68.2,67.0,wheat
67.9,48.1,60.6,26.2,83.1,188.8,sugarcane
119.7,37.5,52.9,24.3,83.2,70.5,cotton
87.6,93.8,46.7,24.1,72.4,112.1,maize
58.5,80.6,32.4,28.1,66.2,82.4,soybean
26.7,38.7,34.8,27.1,46.8,76.3,mango
68.0,44.6,62.2,15.9,66.5,66.8,wheat
61.7,70.4,32.0,25.6,73.7,85.7,soybean
83.2,93.5,101.4,21.4,69.3,110.1,potato
57.5,45.4,58.0,30.6,64.2,69.0,maize
123.2,25.5,39.5,18.3,88.2,58.3,cotton
32.3,46.6,45.2,32.9,50.2,69.6,groundnut
77.9,61.7,64.5,28.9,73.9,152.5,sugarcane
65.5,51.9,50.6,21.5,76.1,138.8,rice
16.1,11.5,122.8,23.4,85.3,144.2,tomato
95.5,43.7,51.1,17.6,76.9,74.6,wheat
99.2,39.1,45.5,24.6,80.9,233.0,rice
88.3,35.3,41.1,22.3,79.0,209.6,rice
3.7,28.9,34.3,29.0,60.9,69.2,groundnut
106.9,43.7,59.7,22.2,89.7,73.6,cotton
123.8,47.1,45.5,23.2,64.8,62.4,wheat
73.1,55.4,102.7,15.9,82.6,64.8,potato
83.3,42.4,45.3,22.7,47.5,129.9,maize
57.5,63.8,108.8,22.9,71.0,68.9,potato
11.2,29.1,41.3,30.1,57.4,83.5,mango
63.7,65.7,117.6,14.0,83.5,74.6,potato
30.5,67.4,43.9,31.1,66.9,83.4,soybean
51.6,49.7,48.2,31.5,72.6,130.5,soybean
61.5,85.9,101.4,17.9,76.2,112.7,potato
45.5,58.0,46.3,27.8,56.9,102.1,maize
22.9,19.3,124.9,27.4,77.0,103.4,tomato
45.1,44.4,119.7,21.1,73.8,92.1,potato
90.0,75.4,51.8,21.8,76.0,107.8,maize
13.5,24.1,46.0,31.2,53.4,24.2,mango
12.8,33.2,35.9,30.1,53.4,74.6,mango
51.9,62.7,38.0,33.2,77.3,139.3,soybean
94.6,45.1,62.6,27.8,73.6,123.2,sugarcane
117.8,50.4,23.5,17.2,53.0,67.0,wheat
10.8,26.6,142.4,28.2,86.6,89.6,tomato
74.0,59.0,47.6,29.4,70.6,119.7,maize
70.4,31.8,56.4,27.0,78.6,267.6,rice
14.3,26.7,123.3,25.5,81.9,80.4,tomato
130.1,36.5,67.9,25.8,87.7,77.0,cotton
25.6,19.6,126.9,25.6,83.3,95.4,tomato
101.3,53.5,43.2,21.5,78.6,147.4,maize
99.0,27.3,56.5,24.8,82.5,154.8,sugarcane
33.5,23.1,118.6,25.4,79.8,121.0,tomato
146.7,41.5,57.5,24.8,68.9,97.8,cotton
70.9,80.2,105.1,24.8,70.8,56.9,potato
84.3,69.6,33.6,23.9,78.9,183.3,rice
44.6,54.4,116.3,18.9,83.8,113.3,potato
83.6,25.9,22.8,23.9,76.9,209.4,rice
76.1,64.9,79.4,17.6,97.7,94.5,potato
16.5,33.9,47.8,29.7,55.1,90.4,mango
32.2,27.5,63.6,27.6,68.3,70.1,groundnut
121.2,67.6,45.9,18.5,64.8,44.6,wheat
23.5,42.9,53.7,27.2,75.3,42.2,groundnut
27.7,24.2,106.5,24.8,83.4,96.2,tomato
80.7,61.4,42.5,23.7,60.4,108.2,maize
78.6,10.8,46.4,22.7,46.1,59.8,wheat
117.7,35.8,16.0,20.6,68.5,88.1,wheat
100.4,46.0,47.8,29.5,77.0,70.0,cotton
29.6,86.0,55.5,30.0,74.8,103.3,soybean
110.5,70.9,44.9,27.8,56.7,109.9,maize
91.1,52.8,42.7,22.6,68.9,63.1,wheat
96.6,34.6,46.1,22.9,78.9,257.4,rice
75.3,53.1,70.8,25.0,73.0,156.9,sugarcane
88.4,45.9,58.7,21.2,55.4,88.9,wheat
77.3,18.6,61.9,30.1,71.7,142.4,sugarcane
74.5,65.0,45.6,23.4,56.9,50.9,maize
72.5,50.3,34.8,21.8,82.0,133.3,maize
71.6,42.3,56.4,28.9,72.0,115.4,sugarcane
73.6,68.5,127.8,17.7,73.4,72.8,potato
20.2,23.2,54.8,23.7,66.1,84.8,groundnut
82.4,66.0,44.0,28.9,59.2,118.6,maize
130.7,38.0,59.8,19.3,87.9,75.5,cotton
84.8,49.7,38.1,29.3,54.9,120.3,maize
141.3,29.3,42.2,24.2,64.4,89.0,wheat
9.3,24.7,127.7,22.3,80.1,87.9,tomato
9.2,27.0,45.0,28.8,58.7,109.6,mango
16.9,19.0,167.4,28.7,84.1,95.3,tomato
115.6,34.5,33.8,20.0,63.6,70.9,wheat
64.9,66.3,36.9,30.2,80.9,80.8,maize
51.2,92.4,103.6,16.4,85.2,95.4,potato
69.9,55.3,123.9,23.4,74.7,81.4,potato
128.2,40.7,28.2,24.4,87.2,49.5,cotton
97.3,48.1,49.9,14.8,75.4,46.8,wheat
88.1,56.5,49.7,28.6,68.7,149.2,sugarcane
115.7,37.5,36.0,24.3,78.9,99.6,wheat
17.0,34.1,116.7,25.9,82.8,114.0,tomato
61.2,35.4,61.7,26.2,58.1,113.4,maize
20.5,24.4,40.7,29.8,59.9,93.6,mango
119.2,50.6,27.6,19.4,70.7,52.9,maize
106.2,35.6,41.2,22.3,77.5,86.9,cotton
105.7,47.0,48.5,18.5,80.0,83.2,cotton
51.1,67.2,75.7,20.0,76.2,65.3,potato
73.2,49.7,33.8,22.5,64.5,82.1,maize
15.8,49.9,31.2,23.4,64.9,85.9,groundnut
109.3,52.9,40.0,24.3,85.9,65.8,cotton
30.9,27.5,45.8,31.1,67.5,79.0,groundnut
75.6,54.5,57.2,17.5,75.2,108.5,maize
84.5,42.7,53.9,26.7,73.1,96.6,sugarcane
74.4,64.7,85.4,14.9,80.9,76.6,potato
24.1,40.6,47.8,27.1,69.0,79.4,groundnut
18.9,26.4,38.6,29.5,48.3,115.2,mango
20.7,21.0,119.0,25.2,80.5,110.6,tomato
90.9,45.5,47.3,24.8,82.4,140.1,rice
15.8,24.7,51.1,24.1,54.1,117.9,mango
54.2,72.8,45.0,28.0,66.6,113.4,soybean
87.8,39.3,39.8,29.3,90.6,213.1,rice
86.9,21.7,47.1,24.1,63.9,99.1,wheat
77.1,60.1,47.0,25.4,64.4,70.1,maize
19.7,20.1,142.2,21.6,78.2,130.4,tomato
0.4,25.0,35.3,27.9,45.6,85.7,mango
27.1,63.2,60.6,32.2,66.7,99.4,groundnut
85.3,42.5,58.9,24.8,70.4,152.0,sugarcane
87.1,50.3,38.7,18.8,57.4,88.5,wheat
33.6,14.0,108.6,23.9,82.6,78.7,tomato
31.4,89.0,36.0,29.4,64.5,83.5,soybean
18.6,56.8,37.3,25.0,59.5,63.1,groundnut
128.4,34.0,23.3,23.0,59.5,95.8,wheat
28.6,40.4,39.3,29.4,59.3,115.9,groundnut
106.1,54.0,60.0,23.8,84.1,56.9,cotton
139.6,54.4,47.9,28.2,74.7,87.0,cotton
106.7,40.3,50.2,24.5,76.1,113.3,cotton
91.8,35.6,31.4,24.2,62.6,69.8,maize
62.1,42.1,42.0,17.5,70.3,98.8,wheat
69.3,43.8,56.1,23.9,76.2,153.0,sugarcane
64.5,50.7,88.0,17.5,90.5,128.1,potato
30.6,77.3,51.0,31.1,83.6,86.8,soybean
17.1,36.0,33.9,32.2,52.2,122.8,mango
81.5,54.7,33.0,24.3,80.0,156.1,rice
106.2,52.0,43.3,20.4,81.0,123.9,cotton
69.2,42.0,55.3,27.2,69.9,150.2,sugarcane
12.2,12.8,37.4,29.4,52.4,84.4,mango
15.7,16.9,143.1,21.7,82.6,97.8,tomato
78.4,34.2,50.3,24.6,80.6,147.3,sugarcane
93.9,51.3,38.9,22.2,64.7,78.8,maize
17.1,38.1,37.6,27.7,49.5,44.4,mango
56.1,49.4,39.8,26.1,83.1,240.9,rice
58.9,63.3,86.0,16.0,84.1,71.1,potato
56.2,53.7,35.6,28.1,64.1,102.1,soybean
52.8,56.4,29.0,31.1,64.3,88.7,soybean
48.5,64.5,136.9,21.3,74.8,102.7,potato
93.5,42.1,55.4,27.6,69.0,165.6,sugarcane
123.5,57.0,37.0,31.3,76.8,80.6,cotton
32.4,32.9,59.3,33.4,74.7,82.1,groundnut
26.2,29.9,54.3,31.7,44.1,90.5,mango
10.1,21.0,30.6,29.6,46.7,146.3,mango
87.9,56.8,47.4,17.4,70.5,103.2,maize
86.7,52.7,30.7,24.9,65.8,169.3,rice
78.8,44.3,40.1,23.0,74.5,131.8,wheat
36.9,57.9,42.5,23.6,62.7,106.1,soybean
68.4,32.6,22.2,28.0,85.3,198.3,rice
58.2,63.8,106.6,21.5,87.7,81.6,potato
23.1,45.0,55.2,31.2,58.8,69.3,groundnut
11.0,21.6,28.5,30.5,52.6,129.5,mango
76.1,30.0,37.5,24.5,68.5,198.4,rice
26.7,40.1,55.4,25.6,77.5,99.9,groundnut
96.0,61.5,26.5,22.1,64.0,102.3,maize
14.4,22.3,36.3,30.2,50.3,119.0,mango
68.7,59.6,43.9,28.8,84.4,163.7,sugarcane
122.3,42.0,40.8,27.3,73.8,118.9,cotton
138.3,43.4,75.4,31.9,78.9,77.9,cotton
46.8,54.3,36.0,28.9,56.2,144.9,soybean
17.3,45.8,42.8,28.2,47.1,100.8,mango
104.7,69.4,58.7,28.9,75.8,145.8,sugarcane
42.1,92.6,45.2,28.0,53.6,109.8,soybean
76.0,52.2,55.0,25.1,90.1,158.6,rice
67.3,70.2,113.4,15.7,76.1,99.9,potato
75.2,65.9,75.9,20.2,86.4,62.9,potato
77.3,66.8,101.5,23.5,78.1,100.6,potato
2.4,19.5,133.2,27.6,85.1,92.5,tomato
77.1,74.7,39.1,26.1,66.1,46.7,maize
38.6,72.2,44.4,28.7,50.6,108.3,soybean
79.9,60.0,33.4,24.4,69.9,103.9,maize
48.4,72.4,73.1,20.6,78.0,56.6,potato
7.6,32.7,38.1,29.8,57.2,108.4,mango
12.1,27.1,45.3,28.9,44.9,141.5,mango
19.7,23.1,96.0,20.6,83.5,102.7,tomato
4.4,39.2,42.9,29.9,57.3,63.7,mango
14.4,21.0,124.4,20.4,74.2,87.3,tomato
120.7,51.3,31.1,18.8,56.2,75.7,wheat
97.5,37.6,53.1,24.4,77.7,139.3,sugarcane
93.5,45.8,42.8,24.5,66.8,90.8,maize
50.9,54.0,98.9,24.7,81.4,63.2,potato
20.9,32.2,45.6,27.2,77.9,98.9,groundnut
120.0,33.3,55.9,19.2,67.3,85.2,wheat
89.1,43.9,27.2,20.6,64.9,91.6,wheat
7.4,35.8,48.5,31.8,44.4,108.6,mango
138.0,42.1,50.6,24.1,79.6,89.9,cotton
16.6,21.4,31.9,28.8,62.4,84.3,mango
59.8,72.4,121.8,17.6,75.7,82.8,potato
31.4,61.2,35.7,22.2,63.0,49.6,groundnut
88.9,56.1,48.2,26.0,87.3,235.1,rice
6.4,24.9,108.0,29.2,83.1,112.1,tomato
12.3,40.6,29.2,30.3,49.9,97.1,mango
72.4,50.1,48.3,28.3,74.6,106.5,sugarcane
85.0,57.3,41.2,25.4,81.1,148.7,sugarcane
55.4,66.4,51.6,27.8,74.7,127.9,sugarcane
77.8,42.9,41.7,23.3,41.6,151.3,maize
69.6,72.8,33.4,29.9,62.7,139.8,maize
74.6,61.2,96.6,20.2,93.7,44.7,potato
60.3,70.5,111.9,18.9,69.4,139.9,potato
55.7,69.3,78.1,19.7,68.1,74.7,potato
37.2,69.1,39.4,31.5,56.5,98.7,soybean
22.5,20.9,131.7,22.5,80.2,133.0,tomato
106.6,41.9,49.1,18.7,69.1,74.8,wheat
12.2,33.2,51.8,35.2,58.1,120.8,groundnut
41.6,68.0,40.3,29.2,61.5,131.8,soybean
103.6,53.2,53.7,26.8,83.4,63.0,maize
75.7,49.8,61.2,23.5,77.5,141.7,sugarcane
26.1,23.5,120.8,28.3,80.1,131.4,tomato
15.5,35.4,48.2,23.4,51.5,68.0,groundnut
25.6,39.4,106.2,23.5,76.1,108.8,tomato
40.8,58.7,53.3,31.8,60.2,112.4,soybean
73.2,64.7,95.3,16.6,78.5,86.3,potato
80.0,38.4,63.5,25.7,70.2,152.3,sugarcane
84.3,52.6,59.6,27.0,70.4,96.8,sugarcane
29.3,36.9,43.4,24.8,67.9,59.2,groundnut
61.9,46.6,99.1,18.8,81.0,93.2,potato
150.7,58.1,32.1,24.2,77.9,89.8,cotton
121.0,48.6,43.1,18.7,81.0,124.3,cotton
12.0,1.1,32.3,29.0,61.1,109.9,mango
12.2,24.9,108.1,31.2,87.1,116.2,tomato
21.8,33.1,139.0,28.1,85.2,134.0,tomato
43.5,78.7,36.3,36.2,66.4,93.2,soybean
102.0,44.7,34.8,23.2,60.8,73.6,maize
77.7,74.1,81.2,22.9,78.1,92.0,potato
57.6,33.9,55.0,19.9,57.0,69.9,wheat
11.2,16.5,29.6,33.1,57.1,143.3,mango
97.9,23.6,40.2,25.0,65.2,84.6,wheat
51.3,62.4,48.6,20.9,59.2,76.9,soybean
101.1,42.7,57.3,21.5,69.3,101.5,wheat
93.0,62.3,60.6,25.0,55.5,111.2,maize
10.7,24.0,49.9,29.9,53.6,85.3,mango
17.4,29.9,50.4,26.1,55.3,124.6,mango
104.7,24.4,45.3,22.5,49.1,87.5,wheat
59.7,70.1,87.6,17.5,67.9,53.5,potato
29.4,33.3,119.6,26.4,87.6,70.0,tomato
69.2,42.9,43.1,28.0,86.3,195.2,rice
124.3,36.1,44.8,28.9,83.5,71.8,cotton
13.1,16.7,39.1,27.8,34.6,118.2,mango
8.8,33.9,35.8,29.7,55.2,145.1,mango
6.4,19.5,33.6,29.3,42.6,86.7,mango
140.5,40.1,40.1,18.9,63.6,107.5,wheat
47.7,50.1,47.5,22.1,65.5,111.2,maize
48.9,81.5,49.5,32.2,60.0,92.6,soybean
34.9,67.3,29.6,34.4,78.5,77.9,soybean
19.6,55.9,54.0,28.5,71.7,87.4,groundnut
52.1,47.3,89.3,22.4,76.0,69.7,potato
31.4,65.7,31.4,26.3,48.1,133.5,soybean
33.0,58.9,30.5,30.6,61.0,95.5,soybean
21.8,22.8,105.2,27.6,92.8,92.4,tomato
48.8,62.0,42.1,24.8,79.3,212.0,rice
49.3,54.0,92.3,25.4,63.4,76.4,potato
9.8,33.5,39.1,30.1,40.4,75.2,mango
59.0,75.9,43.4,26.3,72.6,74.5,maize
88.5,55.0,55.0,25.4,49.3,72.1,maize
70.3,34.2,56.9,26.8,82.0,244.4,rice
80.8,56.2,46.2,31.2,77.6,111.7,sugarcane
48.3,61.3,50.4,25.2,68.8,78.2,soybean
65.5,33.2,53.9,17.1,61.3,89.2,wheat
46.4,66.8,38.4,25.4,77.7,121.9,soybean
23.3,28.5,53.2,24.9,58.2,74.5,groundnut
70.2,40.1,34.1,23.3,82.2,175.1,rice
29.1,57.8,36.4,27.8,62.8,88.7,groundnut
99.6,36.1,53.2,22.8,58.8,88.1,wheat
83.1,25.4,26.7,25.4,85.7,205.1,rice
124.5,57.8,55.9,26.6,85.1,90.3,cotton
14.3,13.2,113.3,24.8,82.5,67.7,tomato
51.2,53.5,51.3,27.9,70.7,138.5,sugarcane
89.7,54.4,49.0,25.3,79.5,169.6,sugarcane
87.2,58.3,39.5,29.7,58.5,138.3,maize
99.9,52.4,49.4,24.4,67.6,71.3,maize
0.7,19.0,134.7,24.8,90.7,108.6,tomato
114.8,46.2,32.6,23.3,60.7,96.2,wheat
68.0,44.3,50.7,23.5,77.0,118.6,sugarcane
15.3,14.5,37.9,28.6,41.2,106.5,mango
49.1,64.1,109.3,20.9,75.3,60.4,potato
48.5,61.2,37.0,24.1,66.5,98.9,soybean
86.6,58.6,36.9,26.5,70.6,56.4,cotton
26.0,20.1,46.4,28.4,65.7,65.4,groundnut
34.1,24.9,50.1,25.9,62.5,88.1,groundnut
27.6,22.3,10.8,28.9,53.6,75.8,groundnut
18.8,18.4,105.4,25.9,84.8,93.5,tomato
3.9,22.2,119.2,28.0,82.3,97.3,tomato
11.9,21.4,110.4,28.2,80.6,103.0,tomato
29.5,43.7,38.8,27.9,72.8,54.8,groundnut
110.4,46.5,47.6,20.3,63.4,77.0,wheat
92.7,70.4,36.4,27.6,56.3,122.3,maize
130.7,61.2,29.1,24.9,70.3,75.4,cotton
39.3,79.7,51.2,29.8,62.3,99.0,soybean
69.6,58.6,93.2,19.7,82.8,94.2,potato
17.5,33.0,53.9,31.4,63.9,84.1,groundnut
97.2,27.6,36.4,22.8,75.5,234.8,rice
59.9,76.3,97.2,21.5,66.7,128.4,potato
90.5,50.2,61.7,26.3,81.7,80.2,cotton
87.5,35.2,41.0,26.5,73.7,216.3,rice
12.5,21.4,40.8,30.1,44.2,45.6,mango
23.8,25.6,48.5,31.0,58.9,30.0,mango
85.7,64.7,17.7,24.1,66.9,71.2,maize
17.1,28.8,42.0,29.6,64.6,112.3,mango
64.9,32.9,51.6,26.6,85.1,218.9,rice
16.4,29.8,124.6,29.4,83.7,74.0,tomato
103.5,43.0,38.5,22.6,80.0,75.7,cotton
99.0,48.2,33.1,23.1,81.1,85.9,cotton
81.2,38.6,29.9,21.8,77.2,104.4,wheat
94.0,57.7,47.2,22.7,79.4,214.7,rice
66.0,30.8,54.5,29.0,65.6,182.4,sugarcane
46.6,53.9,103.1,19.2,77.6,41.8,potato
100.0,47.7,61.5,24.6,77.8,114.9,sugarcane
77.4,53.8,46.5,21.8,89.4,241.4,rice
102.1,35.5,28.6,23.6,79.5,84.9,cotton
116.4,77.1,49.8,22.6,64.6,96.0,maize
0.7,25.9,129.9,28.2,80.0,106.2,tomato
83.9,44.3,20.8,24.9,82.3,273.9,rice
66.3,58.7,35.9,21.2,63.3,92.3,maize
64.2,48.1,101.6,19.5,71.0,99.9,potato
122.1,38.8,20.3,22.5,60.7,78.2,wheat
18.5,35.3,116.0,30.0,82.9,79.5,tomato
97.9,55.2,43.4,20.7,62.6,98.7,maize
4.0,16.5,117.2,25.7,74.6,123.0,tomato
71.3,69.4,105.0,20.7,78.7,90.8,potato
116.4,39.2,38.2,27.1,76.9,78.2,cotton
87.1,44.3,31.5,22.0,79.8,225.7,rice
98.8,40.4,21.7,29.7,79.6,97.7,sugarcane
133.1,47.0,47.7,23.1,70.0,90.1,cotton
107.5,47.3,58.5,29.4,77.0,132.2,sugarcane
84.3,26.7,23.6,21.5,56.2,36.9,wheat
76.8,55.7,59.9,29.7,69.9,164.3,sugarcane
57.3,71.4,52.6,20.7,64.6,85.7,wheat
67.7,37.8,25.1,20.9,59.3,148.8,maize
46.7,71.5,49.4,31.3,65.2,77.6,soybean
122.9,34.1,33.1,22.1,80.7,67.5,cotton
12.5,21.2,126.2,30.7,72.7,89.8,tomato
39.1,76.2,33.5,27.2,60.8,133.8,soybean
100.0,39.9,38.7,20.5,71.6,62.7,wheat
82.6,49.7,24.7,21.3,67.5,78.3,cotton
72.7,55.4,46.8,28.7,84.9,189.2,rice
50.0,49.7,81.9,16.3,62.9,90.9,potato
77.8,42.5,47.0,23.4,77.6,59.7,wheat
66.9,31.2,49.3,28.8,75.0,216.9,rice
84.2,38.8,37.9,24.0,79.1,225.5,rice
98.7,51.4,41.8,23.1,78.9,92.0,maize
71.7,63.8,25.5,20.6,84.2,184.9,rice
125.7,53.4,36.2,16.3,83.1,55.6,cotton
56.6,63.5,88.4,18.8,70.9,92.6,potato
63.7,60.8,112.2,16.5,69.5,83.1,potato
9.5,24.1,111.3,26.9,81.7,101.9,tomato
46.5,55.1,100.2,20.7,76.5,111.1,potato
18.3,50.7,38.9,29.0,52.6,84.1,groundnut
56.4,47.7,38.9,30.7,69.5,66.6,maize
15.3,27.3,58.3,29.0,68.2,72.6,groundnut
94.9,40.1,24.4,24.1,89.5,225.5,rice
52.2,82.2,34.1,27.2,56.7,117.5,soybean
34.3,34.7,45.7,30.4,52.0,55.7,groundnut
86.6,43.8,50.6,25.8,72.9,87.4,sugarcane
78.0,58.6,79.9,17.5,71.1,57.5,potato
25.6,39.3,52.6,24.8,69.8,67.7,groundnut
83.6,53.0,33.5,26.8,54.5,119.4,maize
112.3,52.0,40.6,18.6,65.0,92.0,wheat
83.7,79.7,101.0,24.0,79.0,75.1,potato
14.3,31.5,25.1,30.2,49.4,118.1,mango
40.8,52.7,49.6,32.4,49.4,124.5,soybean
16.2,12.2,27.4,30.0,49.8,108.6,mango
0.4,20.2,123.7,22.6,76.6,111.2,tomato
102.4,55.8,29.5,23.8,80.2,82.2,cotton
56.0,66.5,96.5,18.4,82.5,68.1,potato
125.8,46.7,40.6,16.3,63.3,63.0,wheat
53.2,51.1,131.8,21.9,65.7,68.7,potato
39.3,76.1,45.2,33.0,64.3,107.7,soybean
33.0,16.0,95.0,20.0,81.2,86.7,tomato
93.8,47.8,55.1,24.2,60.5,75.8,wheat
94.8,44.3,41.0,25.0,69.8,116.7,maize
17.0,22.8,28.0,30.8,54.2,40.3,mango
57.1,73.6,124.0,20.9,76.1,69.8,potato
119.4,44.3,35.5,25.3,55.5,98.4,wheat
90.6,62.7,42.5,28.7,73.8,84.4,maize
103.4,63.9,43.5,27.3,76.4,87.3,cotton
92.8,33.5,49.4,19.5,59.8,106.4,wheat
92.6,75.9,65.7,23.8,68.9,114.2,maize
106.1,36.2,33.8,27.8,70.1,159.6,sugarcane
95.5,47.4,37.4,24.6,81.6,198.9,rice
65.2,50.6,92.9,22.4,89.6,110.6,potato
127.9,55.7,31.0,18.1,85.1,63.4,cotton
91.0,37.8,44.8,29.7,80.0,154.7,sugarcane
34.2,77.9,36.1,22.8,74.3,80.6,soybean
99.9,50.0,53.9,26.1,77.7,142.1,sugarcane
15.4,23.7,135.2,24.7,77.6,71.1,tomato
11.5,15.9,37.2,32.2,50.0,121.5,mango
106.7,48.1,48.4,32.0,68.7,139.4,sugarcane
48.1,76.3,21.0,28.6,53.9,122.5,soybean
87.8,39.6,37.7,17.9,53.7,78.3,wheat
133.5,43.4,55.1,25.7,76.8,142.9,sugarcane
84.5,63.5,37.8,24.4,63.4,81.3,maize
63.9,55.2,101.8,19.5,76.5,62.1,potato
40.3,69.7,59.5,31.1,77.3,114.9,soybean
124.7,29.3,48.8,23.6,50.8,86.4,wheat
76.2,43.3,40.3,23.8,79.3,85.3,cotton
30.7,96.4,47.7,29.0,73.7,159.1,soybean
54.6,60.3,38.4,24.1,76.9,150.4,rice
87.4,46.8,31.4,26.4,79.1,203.7,rice
15.3,13.4,31.3,28.4,44.7,65.6,mango
106.3,46.1,37.6,29.5,79.4,166.2,sugarcane
108.8,40.2,48.7,21.8,62.2,68.5,wheat
23.0,46.1,62.0,23.5,63.0,88.9,groundnut
115.7,47.2,55.3,21.9,83.6,68.2,cotton
68.3,48.3,43.9,25.0,67.0,163.0,sugarcane
36.8,26.9,52.7,32.7,69.8,83.5,groundnut
124.6,27.9,58.7,21.3,59.4,78.9,wheat
10.5,17.6,115.8,29.2,76.2,92.9,tomato
79.3,51.7,28.8,25.8,82.8,214.8,rice
14.4,24.1,47.3,27.4,31.7,94.7,mango
58.1,83.8,76.7,14.8,79.5,125.1,potato
16.1,48.1,65.8,30.7,73.5,78.4,groundnut
29.5,8.1,108.0,24.3,80.1,114.8,tomato
44.4,47.4,40.5,31.6,61.2,141.9,soybean
55.2,52.9,109.8,19.8,72.1,71.3,potato
14.4,28.8,38.8,31.0,47.3,106.7,mango
123.8,25.0,31.8,27.8,79.2,69.5,cotton
25.3,31.0,59.3,29.3,62.4,112.0,groundnut
89.5,57.6,44.6,28.8,65.2,122.9,sugarcane
74.0,45.9,51.4,32.8,73.9,116.1,sugarcane
72.8,43.1,28.9,22.6,86.1,240.7,rice
2.2,45.0,65.2,28.3,56.8,69.7,groundnut
25.4,23.7,84.7,26.1,88.2,110.5,tomato
117.4,26.5,43.3,25.8,57.0,66.4,wheat
79.9,37.7,43.1,24.3,74.5,99.5,sugarcane
54.4,51.5,80.6,19.3,73.5,56.5,potato
119.5,45.0,43.9,23.0,43.4,93.6,wheat
141.6,56.4,29.1,27.3,79.7,69.0,cotton
120.1,65.4,45.8,24.9,81.9,79.8,cotton
107.7,39.3,49.5,25.2,75.0,105.6,sugarcane
79.4,44.5,42.3,24.7,76.9,111.8,sugarcane
89.3,29.3,32.7,24.5,81.6,218.6,rice
52.7,74.8,50.5,30.0,66.1,56.8,soybean
121.7,41.0,45.1,18.8,67.2,73.1,wheat
45.8,37.9,22.5,28.5,65.7,90.8,soybean
84.9,41.8,46.9,29.1,73.0,109.8,sugarcane
87.4,53.0,37.7,25.6,77.7,212.9,sugarcane
11.7,16.7,47.0,31.1,56.6,56.8,mango
77.5,45.6,55.6,25.8,63.9,137.1,sugarcane
103.8,46.1,48.2,26.8,82.8,127.5,sugarcane
87.1,43.4,38.2,22.1,78.9,89.8,cotton
107.8,64.9,41.9,22.5,65.7,78.0,wheat
15.3,41.0,48.2,30.3,52.4,63.0,groundnut
57.7,45.3,117.6,17.2,73.5,80.6,potato
79.3,47.4,37.6,25.7,75.7,243.3,rice
31.3,61.3,67.8,25.9,54.2,118.4,soybean
104.7,50.0,40.3,25.4,75.6,80.6,sugarcane
55.9,45.8,61.2,26.6,79.4,160.5,sugarcane
100.1,50.1,43.3,19.1,83.9,96.2,cotton
100.6,65.0,41.7,26.7,59.3,121.4,maize
21.6,8.2,109.2,27.2,84.1,124.3,tomato
11.3,46.1,55.7,28.2,63.1,99.2,groundnut
113.8,43.3,43.7,21.1,59.4,77.0,maize
91.4,47.8,41.0,24.9,78.2,191.6,rice
26.2,19.2,44.4,29.8,61.6,105.4,groundnut
92.4,51.0,52.9,26.0,71.9,114.0,sugarcane
86.1,66.9,47.8,21.3,72.0,122.2,maize
83.5,52.7,25.2,27.3,83.7,187.5,rice
31.9,62.4,30.6,27.4,63.3,120.9,soybean
17.9,20.1,127.3,22.5,81.9,107.9,tomato
64.7,52.1,42.4,23.9,75.6,226.2,rice
83.1,61.9,43.9,18.3,63.2,78.7,maize
13.5,26.7,35.3,29.3,50.8,105.1,mango
68.5,66.2,47.1,24.1,58.3,77.8,maize
6.1,28.2,41.9,32.3,51.4,66.4,mango
108.2,51.3,43.2,20.8,74.1,84.0,cotton
33.2,19.9,99.4,25.1,87.2,83.2,tomato
27.6,37.0,36.9,30.0,52.4,85.3,mango
62.9,74.3,79.9,18.0,80.9,43.3,potato
80.1,66.8,46.4,25.9,68.8,61.6,maize
101.8,85.8,45.0,22.3,52.6,106.4,maize
73.0,48.5,39.5,26.0,82.4,161.5,rice
114.0,44.2,46.9,18.4,47.8,101.9,wheat
78.2,55.4,42.1,24.8,65.4,73.5,maize
14.6,8.7,127.1,29.8,83.4,83.1,tomato
31.3,38.2,34.9,30.5,78.5,67.1,groundnut
64.0,60.2,124.6,14.7,72.3,47.7,potato
22.9,39.7,53.2,28.3,68.0,73.8,groundnut
43.4,81.5,35.2,28.9,64.9,117.1,soybean
112.0,49.1,55.9,29.8,77.7,135.0,sugarcane
18.6,34.7,33.8,31.6,44.0,155.8,mango
73.6,42.1,48.2,21.2,85.0,123.0,sugarcane
42.5,61.0,93.8,23.5,88.5,95.7,potato
122.9,24.2,48.5,23.4,91.5,64.5,cotton
70.4,56.9,54.2,23.9,77.8,214.1,rice
7.9,12.2,121.6,24.5,80.3,120.4,tomato
16.8,25.2,120.2,23.0,70.7,108.6,tomato
102.6,26.4,46.3,27.4,69.5,201.9,sugarcane
91.3,65.3,63.6,21.6,68.8,76.8,maize
110.3,43.8,39.0,21.4,77.6,85.4,cotton
19.3,23.6,119.6,27.5,78.0,128.0,tomato
115.0,32.4,47.9,19.2,67.7,94.8,cotton
13.6,17.9,124.3,28.8,79.0,82.6,tomato
128.7,53.4,55.2,28.2,85.2,73.7,cotton
95.1,31.6,63.7,19.5,66.0,91.0,wheat
68.5,55.5,66.9,30.3,82.3,144.1,sugarcane
57.5,59.4,103.5,7.9,75.2,72.2,potato
16.0,27.0,39.3,28.7,49.7,87.2,mango
83.9,36.0,46.4,21.7,81.7,163.7,rice
72.9,38.5,57.7,25.8,75.7,227.5,rice
11.1,24.9,33.9,31.0,44.3,105.7,mango
11.0,24.0,24.2,31.0,41.1,102.5,mango
92.5,49.6,39.3,21.7,84.1,206.2,rice
39.8,51.0,51.4,26.5,64.5,111.2,soybean
56.0,81.5,22.1,32.2,50.3,122.5,soybean
42.8,78.5,54.8,28.4,66.7,132.2,soybean
19.3,32.2,30.9,27.8,44.4,124.4,mango
51.4,61.1,117.5,21.8,80.2,72.8,potato
30.2,18.4,144.0,28.7,81.2,63.7,tomato
79.9,33.4,55.0,26.8,80.9,200.8,rice
104.9,45.3,42.5,20.3,74.4,68.8,cotton
97.9,38.3,42.7,23.5,57.6,84.8,wheat
39.0,42.3,105.0,16.8,86.3,99.3,potato
19.4,20.8,132.1,29.7,74.4,88.1,tomato
14.0,32.8,43.7,30.1,53.8,99.3,mango
24.1,42.5,41.7,30.1,59.9,76.9,groundnut
83.0,68.7,88.7,18.7,76.7,105.3,potato
100.9,45.4,49.5,20.1,82.9,58.9,cotton
97.7,69.9,71.9,25.6,84.7,161.5,sugarcane
90.9,54.5,45.3,20.9,70.0,57.2,wheat
14.5,19.0,45.7,28.9,49.2,57.9,mango
88.8,74.6,47.4,28.3,68.7,133.7,maize
89.5,32.2,45.2,28.7,68.7,74.0,sugarcane
53.6,40.8,47.0,25.7,82.5,186.8,sugarcane
7.6,15.2,39.1,30.7,47.0,88.0,mango
21.9,28.1,122.2,27.0,82.4,113.7,tomato
23.4,28.0,110.6,19.8,83.8,101.4,tomato
66.7,45.9,116.7,18.8,80.5,74.4,potato
20.4,22.4,36.6,30.9,61.8,110.2,mango
84.0,53.9,40.8,27.1,79.4,242.3,rice
90.8,55.5,60.6,29.7,61.3,96.2,maize
97.4,55.1,27.5,20.0,55.0,87.3,wheat
56.9,54.1,91.9,20.4,80.5,74.2,potato
96.7,32.6,35.2,19.6,58.7,73.8,wheat
33.0,48.9,40.9,34.4,86.3,102.4,soybean
18.5,46.1,50.4,27.5,83.4,51.2,groundnut
19.0,29.1,150.8,23.9,81.5,94.6,tomato
61.7,34.8,56.7,28.2,72.6,119.5,sugarcane
43.2,71.7,34.8,26.2,51.0,82.6,soybean
26.7,64.9,45.0,26.3,53.6,101.7,soybean
9.2,15.5,34.7,29.6,40.7,136.8,mango
21.2,19.4,43.2,32.7,46.0,113.3,mango
15.9,17.1,31.3,30.5,55.4,53.1,mango
86.5,52.6,60.9,25.5,63.2,149.4,sugarcane
11.0,27.6,34.7,30.9,59.7,82.0,mango
51.9,60.8,37.4,30.1,49.5,40.4,soybean
96.1,51.3,47.9,11.2,70.2,83.9,wheat
55.3,56.3,94.9,17.1,87.4,89.2,potato
76.1,41.4,59.3,26.7,70.1,90.0,wheat
13.6,35.2,38.1,22.5,73.1,54.1,groundnut
65.2,53.3,107.0,17.4,77.0,49.6,potato
30.7,36.4,57.2,25.4,61.2,110.0,groundnut
80.9,38.5,47.0,25.8,86.5,219.1,rice
79.5,60.6,13.8,26.6,82.4,191.0,rice
16.1,8.9,39.9,27.8,51.4,71.4,mango
80.6,46.2,46.1,23.0,80.7,149.9,rice
110.1,55.0,56.9,27.1,82.6,87.6,cotton
40.5,42.4,31.8,27.7,62.9,95.3,soybean
99.6,32.5,17.8,22.7,70.9,74.4,wheat
69.7,84.9,133.1,19.2,57.0,104.7,potato
18.2,29.1,109.9,27.0,74.2,108.1,tomato
64.0,57.5,47.9,29.2,71.8,134.3,sugarcane
95.0,16.6,34.9,27.9,83.1,75.6,cotton
115.3,52.3,41.0,19.4,58.0,63.5,wheat
98.2,44.0,50.3,30.2,74.9,158.7,sugarcane
89.2,53.7,73.8,28.7,82.0,134.8,sugarcane
28.8,37.2,31.0,26.6,65.3,104.5,groundnut
73.7,42.2,26.6,23.2,77.0,177.0,rice
59.9,43.3,49.5,27.2,75.4,122.2,sugarcane
17.8,32.4,40.0,33.2,51.7,64.6,mango
66.9,45.1,59.8,22.2,55.8,128.4,maize
64.0,34.6,34.1,18.1,63.7,70.6,wheat
20.5,26.6,141.0,29.6,79.3,98.0,tomato
21.2,27.3,34.5,29.5,63.2,94.1,mango
35.9,71.4,42.4,26.2,61.9,94.9,soybean
95.2,56.4,37.8,24.0,68.4,101.9,maize
79.5,47.3,55.5,23.0,86.9,193.6,rice
18.6,50.5,51.2,25.7,74.2,83.9,groundnut
67.0,68.7,51.9,30.5,61.7,117.8,maize
119.0,25.2,16.5,22.8,54.1,75.5,wheat
76.7,41.8,52.4,25.6,91.7,100.5,cotton
165.8,56.8,50.2,25.3,86.0,90.4,cotton
37.1,30.3,52.4,24.2,65.1,87.7,groundnut
65.0,65.7,41.1,27.8,65.0,138.3,soybean
95.2,75.8,37.2,25.7,69.0,111.8,maize
64.5,52.6,32.9,18.0,60.2,107.5,wheat
19.8,36.3,49.2,30.5,67.7,90.0,groundnut
104.3,32.5,38.8,17.6,73.6,80.4,wheat
54.3,77.8,89.0,14.8,67.1,79.4,potato
5.9,25.1,28.4,34.2,33.5,80.0,mango
83.8,48.5,33.2,25.5,83.5,178.6,rice
7.6,32.3,38.4,29.2,40.2,38.1,mango
102.4,47.0,38.4,25.6,89.1,92.1,cotton
46.4,88.0,40.7,32.1,86.1,115.0,soybean
94.7,41.8,15.0,29.6,75.1,150.6,rice
112.1,55.4,34.5,23.0,56.3,80.4,maize
65.7,61.5,44.5,23.2,66.1,139.7,maize
89.7,59.5,53.6,26.0,69.3,139.7,sugarcane
116.9,49.9,65.9,25.9,70.2,151.2,sugarcane
78.2,64.6,55.0,23.6,61.7,128.8,maize
129.9,38.7,40.6,27.2,82.5,85.3,cotton
3.2,55.7,60.9,29.3,80.3,60.5,groundnut
58.6,46.6,26.8,32.9,62.8,83.2,soybean
22.4,47.5,64.9,28.6,63.5,40.4,groundnut
87.6,56.4,53.3,30.0,69.0,154.1,sugarcane
66.4,30.9,54.7,24.5,82.3,157.3,rice
53.4,74.1,95.5,15.3,79.0,108.8,potato
90.4,76.7,103.6,19.9,79.8,45.2,potato
90.2,46.0,42.0,19.7,64.4,79.2,maize
49.4,37.1,53.0,25.9,55.2,89.9,wheat
71.0,63.5,39.9,22.9,86.1,163.4,rice
95.7,54.9,43.5,19.0,60.1,74.0,wheat
53.5,43.8,100.3,17.8,100.0,93.5,potato
52.7,68.5,27.4,29.5,62.4,94.7,maize
91.1,31.2,40.3,25.1,54.0,47.7,wheat
112.2,51.3,19.7,25.4,78.7,225.6,rice
94.6,70.7,46.7,25.4,58.0,82.2,maize
104.8,66.0,47.7,14.7,71.0,87.6,wheat
67.0,24.2,43.0,27.3,75.6,154.5,sugarcane
40.2,84.8,30.5,26.3,46.2,141.8,soybean
34.3,23.2,127.7,26.6,84.7,97.6,tomato
16.4,38.4,47.0,29.8,55.4,114.4,mango
92.1,43.3,37.8,24.8,79.3,150.6,sugarcane
13.2,26.7,120.0,27.8,83.2,109.6,tomato
20.5,41.0,39.7,28.7,51.2,100.9,groundnut
17.2,30.6,46.1,30.8,51.0,116.6,mango
124.2,26.1,63.2,28.9,77.6,58.0,cotton
85.8,60.1,105.8,23.1,79.1,66.9,potato
99.5,42.8,33.9,21.3,61.2,79.7,wheat
125.8,44.1,37.9,25.7,79.6,102.6,cotton
16.4,27.3,122.8,30.8,76.8,117.6,tomato
121.4,63.2,29.2,23.3,73.2,152.2,maize
99.4,58.6,45.3,28.2,66.8,122.6,maize
12.3,18.3,38.4,28.8,35.3,89.0,mango
77.6,46.5,50.9,24.6,77.3,76.8,cotton
63.5,50.5,34.4,29.1,74.1,110.0,soybean
33.0,66.0,54.2,31.3,63.7,107.7,soybean
102.4,30.3,54.0,19.5,64.8,61.3,wheat
20.8,53.2,37.5,25.5,61.7,100.8,soybean
64.6,55.8,104.9,20.7,87.3,79.5,potato
64.0,72.7,82.1,16.0,68.4,69.0,potato
54.3,58.5,38.9,27.5,74.0,182.0,rice
83.9,52.8,27.6,22.4,84.6,208.9,rice
70.8,41.1,42.9,25.7,85.3,260.3,rice
60.2,51.7,35.6,27.2,56.6,118.9,maize
89.9,45.6,51.5,26.0,93.5,190.8,sugarcane
13.9,29.2,138.8,29.6,77.9,76.9,tomato
84.1,44.5,37.6,23.2,79.1,222.7,rice
13.4,32.2,56.9,27.3,77.7,90.0,groundnut
22.5,27.7,46.8,32.2,67.6,79.6,groundnut
8.4,22.8,36.0,30.6,45.6,85.1,mango
6.4,29.4,38.3,26.6,43.3,108.4,mango
24.3,22.4,135.7,25.4,83.9,99.2,tomato
42.9,82.4,50.9,26.6,60.8,66.9,soybean
93.6,41.5,33.6,26.3,52.1,83.7,wheat
21.1,36.2,40.8,28.8,66.5,87.8,groundnut
13.2,22.8,36.8,28.8,47.2,121.2,mango
41.4,59.0,40.9,24.3,66.1,121.8,soybean
52.6,66.3,22.7,34.9,64.5,81.3,soybean
56.6,62.8,109.0,21.6,77.0,85.7,potato
58.7,67.0,104.2,24.5,70.8,77.6,potato
40.8,49.5,40.8,28.3,62.3,77.3,groundnut
84.2,40.3,23.2,27.3,67.6,80.6,cotton
55.8,55.3,27.8,19.2,61.6,91.8,wheat
69.5,47.1,38.9,24.6,85.1,222.7,rice
97.4,36.8,49.6,25.8,86.1,256.9,rice
6.0,27.8,130.4,30.8,78.0,113.9,tomato
97.6,53.6,13.9,23.9,56.7,59.2,maize
19.4,23.3,35.3,28.5,49.6,98.0,mango
79.8,36.0,40.8,23.6,86.9,195.6,rice
141.6,49.8,41.0,23.4,86.2,51.5,cotton
132.2,49.0,39.3,17.3,47.8,65.6,wheat
114.1,40.4,43.4,19.8,83.0,87.7,cotton
98.1,43.2,21.2,25.5,88.6,50.5,cotton
78.3,42.0,25.2,23.6,79.7,231.7,rice
96.4,43.2,48.4,26.6,69.9,149.6,sugarcane
31.1,78.1,30.7,25.6,62.2,85.4,soybean
94.7,20.0,48.4,16.3,65.5,85.5,wheat
103.8,32.6,61.3,21.1,81.2,217.6,rice
25.1,37.3,39.1,36.4,61.1,35.6,groundnut
92.3,45.7,27.1,22.4,80.3,250.1,rice
120.8,39.2,48.7,16.8,52.6,96.4,wheat
24.7,77.4,50.4,26.3,63.0,107.4,soybean
95.6,37.2,45.1,22.4,71.9,68.3,wheat
103.8,36.9,43.3,19.5,70.7,99.1,wheat
20.2,42.3,46.1,23.0,58.2,109.1,groundnut
41.3,64.8,44.4,26.7,55.8,102.7,soybean
104.7,52.2,30.3,27.0,84.0,87.7,cotton
32.8,31.5,117.0,24.8,87.1,139.6,tomato
14.5,25.1,106.1,22.4,88.2,114.5,tomato
24.0,37.4,33.0,27.8,71.6,98.9,groundnut
92.1,54.8,51.5,18.6,64.2,84.9,maize
140.3,41.4,38.3,20.6,54.2,60.6,wheat
110.6,37.7,46.2,30.0,80.8,99.9,cotton
21.2,7.4,115.5,21.5,88.4,98.8,tomato
79.4,63.2,44.9,26.3,66.8,132.0,maize
19.7,24.5,40.7,32.0,61.9,92.5,mango
141.9,53.9,29.3,26.1,68.1,80.9,cotton
63.0,63.9,85.2,21.2,80.5,45.7,potato
50.8,59.2,32.3,27.6,47.0,108.4,soybean
73.6,74.0,99.1,18.3,81.1,57.0,potato
87.8,60.3,38.9,25.8,85.5,188.0,rice
55.3,42.9,117.8,21.0,79.8,107.3,potato
97.5,47.5,43.4,24.2,79.6,187.0,rice
76.4,41.8,59.4,26.1,74.8,79.4,cotton
108.1,39.8,33.0,21.0,55.6,103.8,wheat
36.5,63.4,36.8,29.8,70.7,98.7,soybean
74.8,33.8,38.2,19.0,75.3,91.2,wheat
59.5,62.4,39.7,29.1,47.3,70.8,soybean
39.9,74.9,39.6,26.4,75.3,101.4,soybean
88.3,35.3,59.6,31.6,74.9,165.2,sugarcane
22.6,15.5,128.6,29.0,88.1,140.3,tomato
71.4,39.5,39.7,23.9,78.4,203.2,rice
111.8,55.3,24.8,24.0,88.3,178.8,rice
66.2,31.5,30.2,27.1,77.3,279.0,rice
96.3,38.7,42.4,19.6,72.7,124.2,wheat
92.4,53.1,53.1,25.0,85.4,190.7,rice
81.8,47.5,51.8,27.2,57.7,133.9,maize
81.8,50.1,47.1,22.8,74.3,238.3,rice
19.5,34.6,49.1,26.3,68.9,83.9,groundnut
11.3,27.6,123.0,18.4,84.1,107.8,tomato
93.7,48.5,50.0,19.2,92.4,195.8,rice
114.5,41.4,35.5,27.9,89.9,184.3,rice
65.8,54.0,52.4,28.5,63.6,159.3,sugarcane
117.5,57.0,32.0,15.5,81.7,85.8,cotton
84.1,32.2,29.2,27.1,81.8,220.4,rice
78.1,35.4,23.9,25.4,78.2,157.3,rice
17.9,31.7,43.6,29.0,55.7,107.7,mango
24.3,21.5,119.8,22.7,80.5,84.7,tomato
91.6,49.2,45.3,19.4,69.8,107.5,maize
15.2,48.2,59.2,30.6,54.5,70.7,groundnut
87.6,56.9,49.3,22.0,74.1,181.8,sugarcane
83.1,24.6,37.5,23.6,77.0,191.6,rice
69.5,52.6,36.5,27.7,60.5,83.7,wheat
90.2,39.2,44.0,24.2,70.4,92.4,maize
29.0,18.8,150.5,32.0,81.3,88.4,tomato
98.2,49.3,72.8,25.3,78.1,134.1,sugarcane
72.5,60.9,102.7,16.5,69.7,84.7,potato
89.5,67.7,41.8,25.5,79.7,174.5,rice
23.4,25.8,43.8,28.0,56.1,86.8,mango
143.1,54.5,34.0,21.6,82.1,63.1,cotton
77.1,67.4,101.3,17.7,76.8,58.5,potato
84.2,33.7,64.5,25.3,82.5,221.8,rice
75.6,55.8,37.0,18.4,72.2,131.9,maize
60.4,51.7,43.7,23.1,79.4,168.2,rice
20.5,30.6,31.1,27.5,67.6,102.0,groundnut
52.7,80.0,94.4,21.1,68.7,103.6,potato
83.6,44.6,51.4,28.5,78.8,157.8,sugarcane
18.6,38.8,48.5,29.5,62.1,72.2,groundnut
34.4,46.0,63.6,28.2,71.1,109.6,groundnut
19.4,42.4,51.0,28.1,59.0,74.0,groundnut
134.2,39.2,35.5,24.3,72.9,116.4,cotton
112.1,50.4,62.3,23.8,82.5,216.9,sugarcane
113.9,48.5,39.1,19.8,52.9,72.9,wheat
126.6,45.6,46.6,26.5,59.9,98.6,wheat
18.3,32.8,131.6,26.0,83.1,105.9,tomato
87.1,32.0,37.2,17.1,66.0,112.5,wheat
38.2,69.5,53.4,23.2,65.2,115.6,soybean
69.4,30.9,24.4,26.2,75.6,252.6,rice
21.4,55.0,43.9,27.3,51.4,87.5,groundnut
117.6,38.1,45.0,27.3,70.3,86.0,cotton
130.8,60.1,62.6,23.6,73.2,91.9,wheat
8.7,19.4,136.6,27.7,85.2,102.9,tomato
9.9,25.4,39.6,33.1,53.1,32.3,mango
98.0,40.9,19.6,23.0,72.6,189.5,rice
80.9,33.6,43.6,26.1,87.4,231.6,rice
27.3,20.6,109.0,28.9,87.9,76.7,tomato
17.2,41.1,62.0,25.7,73.0,64.4,groundnut
96.4,65.3,32.8,24.3,64.7,96.6,maize
96.9,46.3,33.2,22.6,77.5,52.7,cotton
9.9,18.8,41.6,27.4,58.0,86.7,mango
23.9,33.0,105.1,25.0,85.8,109.0,tomato
87.5,43.6,46.5,28.0,80.8,193.0,rice
57.1,47.3,71.8,15.9,80.7,108.5,potato
34.9,72.3,32.1,29.6,70.5,124.1,soybean
54.1,72.4,42.6,28.0,59.0,108.4,soybean
65.7,57.2,82.1,24.8,75.4,93.3,potato
81.2,36.4,55.2,26.1,76.8,194.3,rice
66.5,62.0,123.1,19.7,77.6,80.0,potato
147.2,49.5,52.6,24.3,84.5,85.6,cotton
20.6,1.7,29.2,28.2,43.4,108.4,mango
52.1,67.8,27.9,29.2,65.9,104.6,soybean
108.9,62.3,34.1,27.3,82.1,105.2,cotton
14.1,22.1,30.2,28.1,42.1,92.8,mango
68.4,50.3,96.8,23.6,86.0,98.0,potato
22.7,18.5,98.9,26.8,74.5,125.9,tomato
10.0,23.0,114.5,26.5,82.1,80.3,tomato
62.0,64.2,48.7,24.8,74.0,91.6,maize
24.0,27.6,40.6,29.9,56.9,90.8,groundnut
61.3,73.5,101.7,16.6,74.4,71.0,potato
59.6,57.8,78.4,21.8,85.7,95.8,potato
103.9,39.9,30.1,24.7,82.3,232.8,rice
103.3,61.6,40.6,25.0,86.4,105.4,cotton
59.7,68.9,109.6,18.2,81.3,63.5,potato
84.1,56.6,49.5,28.0,73.1,119.1,sugarcane
101.8,54.6,61.5,23.5,86.4,205.5,rice
86.4,32.0,48.7,28.0,85.0,132.3,sugarcane
59.2,60.1,117.1,15.5,82.5,79.7,potato
92.2,41.7,43.6,20.0,68.5,103.8,wheat
77.3,37.0,26.2,23.5,81.8,253.8,rice
43.2,60.4,45.8,30.4,77.3,131.4,soybean
91.9,46.9,43.1,21.8,80.8,48.7,wheat
16.1,23.6,112.6,23.0,73.3,78.9,tomato
43.3,49.3,40.2,34.1,66.2,92.7,soybean
3.2,26.8,41.8,30.3,26.2,68.4,mango
23.3,9.6,114.6,26.9,84.7,129.9,tomato
0.0,44.3,35.7,29.5,66.0,92.7,groundnut
52.4,53.9,88.0,16.8,96.3,96.9,potato
95.5,54.3,31.6,24.4,83.7,229.3,rice
90.0,75.2,53.8,21.1,70.0,133.2,maize
127.9,44.4,53.8,25.6,81.3,58.2,cotton
102.8,22.3,45.2,19.6,61.3,48.1,wheat
64.6,36.8,63.2,26.7,75.5,172.8,sugarcane
117.8,45.8,47.0,20.1,65.1,66.8,wheat
91.8,31.9,45.6,27.2,85.2,116.8,sugarcane
81.5,29.3,70.4,27.9,72.0,189.8,sugarcane
31.5,45.2,63.2,27.4,48.5,88.6,groundnut
46.3,55.9,100.7,13.5,88.3,82.8,potato
94.4,48.3,52.0,23.1,67.0,120.5,maize
80.1,47.0,102.4,23.5,72.1,87.9,potato
30.1,24.9,52.7,27.2,64.2,107.3,groundnut
56.5,87.3,42.9,29.1,72.0,118.3,soybean
86.7,36.2,49.5,24.5,83.3,109.3,sugarcane
92.3,39.4,53.8,23.6,64.3,133.1,maize
106.9,52.0,54.7,24.2,78.0,90.0,cotton
11.0,29.9,28.5,30.4,54.5,95.0,mango
71.6,46.6,51.1,24.8,73.9,162.0,sugarcane
104.3,30.7,44.5,26.8,83.1,96.4,cotton
65.8,60.3,53.1,21.2,66.5,123.4,maize
65.4,77.9,80.9,22.5,94.2,72.4,potato
101.1,39.2,38.2,26.1,94.1,65.7,cotton
67.1,69.2,132.9,21.9,79.7,62.2,potato
75.5,62.7,95.2,19.8,76.9,114.4,potato
47.1,78.0,26.5,27.6,54.2,77.5,soybean
47.2,84.0,39.8,32.8,73.7,73.1,soybean
60.6,48.9,29.9,22.2,65.1,60.9,wheat
118.4,49.7,29.3,26.8,63.8,67.4,cotton
23.3,23.9,134.9,27.7,80.5,90.7,tomato
103.5,42.4,39.8,24.5,52.2,63.4,wheat
80.8,64.2,61.8,27.3,61.2,139.2,sugarcane
120.5,40.3,33.1,20.7,84.0,91.6,cotton
104.6,44.4,32.4,17.5,81.2,92.2,cotton
52.8,71.5,35.2,25.1,57.9,59.0,soybean
87.5,48.7,38.9,29.4,71.4,99.8,sugarcane
14.6,8.4,116.3,24.6,79.4,108.3,tomato
32.1,17.9,94.3,28.5,90.4,107.9,tomato
13.1,28.4,120.0,25.5,83.2,92.2,tomato
29.3,36.7,117.8,27.0,77.1,97.1,tomato
27.5,33.6,44.3,29.8,58.1,72.3,groundnut
64.6,54.4,82.3,20.4,90.7,75.1,potato
26.0,52.1,35.1,27.5,67.3,78.0,groundnut
16.4,37.4,35.1,28.3,75.0,82.7,groundnut
71.4,49.1,99.7,18.3,77.4,79.8,potato
82.9,58.3,41.9,27.4,71.1,142.2,sugarcane
104.7,42.5,45.8,25.6,97.4,233.6,rice
48.0,58.2,56.1,32.7,52.4,76.7,soybean
96.5,41.3,42.3,30.2,76.4,169.1,sugarcane
66.0,44.0,96.3,20.0,87.8,93.4,potato
102.4,42.4,59.0,27.4,85.2,51.7,cotton
4.3,25.1,118.7,30.8,77.3,63.8,tomato
83.7,39.9,35.3,25.5,74.8,157.8,rice
80.4,45.3,49.4,24.0,82.5,186.1,rice
36.6,63.2,58.7,26.4,84.5,110.9,soybean
88.7,50.6,48.1,26.8,73.7,179.1,sugarcane
15.1,34.5,55.6,27.7,64.4,106.3,groundnut
101.7,32.0,55.9,26.6,75.5,128.2,sugarcane
77.0,47.3,116.1,22.1,85.2,79.7,potato
57.0,53.3,44.9,26.3,60.9,100.9,maize
15.7,42.3,69.6,29.0,62.1,49.5,groundnut
71.1,17.0,36.5,16.3,60.9,77.0,wheat
116.8,33.8,36.4,16.7,68.5,95.6,wheat
48.9,67.4,40.6,27.9,53.2,106.4,soybean
84.1,31.0,63.6,26.4,72.1,197.7,sugarcane
82.6,60.5,65.3,26.8,68.9,87.4,sugarcane
21.8,36.0,44.9,32.8,50.4,115.7,mango
76.8,68.0,32.0,25.7,74.7,87.2,maize
21.0,32.7,124.0,24.1,86.4,72.7,tomato
4.5,28.6,133.1,27.0,76.4,127.6,tomato
16.7,31.6,112.8,26.8,83.0,99.1,tomato
138.2,36.6,28.0,24.7,79.5,91.0,cotton
86.0,51.5,35.2,28.1,75.9,156.1,rice
35.9,63.5,32.8,25.6,64.7,63.1,soybean
69.3,51.8,32.7,25.4,82.2,180.5,rice
116.6,48.6,63.9,20.5,87.0,99.5,cotton
92.5,33.7,45.3,27.9,69.6,176.1,rice
12.3,32.2,40.7,31.8,47.5,133.1,mango
49.5,80.3,103.7,21.2,76.2,105.7,potato
72.5,40.6,45.3,24.0,70.1,116.0,sugarcane
61.5,69.8,116.6,20.2,74.2,41.4,potato
6.9,17.2,40.8,28.6,77.0,112.9,mango
49.9,86.8,37.0,33.0,63.5,136.8,soybean
35.2,80.2,42.5,29.0,72.0,112.0,soybean
8.9,37.4,62.1,26.5,60.9,97.4,groundnut
15.5,11.8,44.2,32.9,42.6,93.5,mango
70.7,58.9,45.6,21.3,67.7,96.1,maize
104.2,35.1,50.1,17.1,68.8,90.1,wheat
44.9,85.7,39.3,28.4,69.7,102.5,soybean
76.3,37.5,31.1,23.4,81.6,210.2,rice
56.5,64.1,106.8,9.9,86.1,108.7,potato
52.0,70.7,113.9,19.5,84.1,79.2,potato
22.1,14.1,52.5,29.5,50.3,72.8,mango
124.5,46.5,43.6,32.6,67.1,150.6,sugarcane
106.0,47.0,33.5,24.0,80.4,212.7,rice
22.9,21.7,132.5,23.3,73.1,89.3,tomato
50.3,58.8,40.4,31.1,48.5,153.0,soybean
33.5,68.0,114.8,14.2,81.1,89.0,potato
24.3,39.9,46.0,23.8,72.9,64.5,groundnut
81.4,41.0,48.3,30.3,73.9,149.4,sugarcane
86.3,22.1,41.1,20.1,74.6,119.4,maize
95.3,27.0,45.7,30.4,70.4,131.9,sugarcane
40.3,51.5,55.9,29.3,76.4,93.5,soybean
36.3,81.5,12.9,28.6,53.6,88.1,soybean
70.5,77.5,37.2,21.5,63.4,151.7,maize
98.8,31.5,27.2,26.2,78.7,87.6,cotton
106.1,21.1,38.9,27.7,83.2,88.6,cotton
119.9,32.4,27.8,24.5,62.4,75.0,wheat
124.5,39.7,51.4,20.9,74.6,60.7,cotton
10.9,18.3,35.1,34.4,46.8,122.7,mango
23.4,30.4,44.1,31.7,64.6,87.5,groundnut
57.5,64.5,35.7,25.1,61.6,124.1,soybean
20.5,22.5,116.0,26.2,84.4,105.3,tomato
18.5,37.4,121.2,29.5,79.8,93.8,tomato
23.6,43.3,51.5,27.1,72.5,81.3,groundnut
93.3,48.2,37.3,26.2,80.4,151.1,sugarcane
70.6,81.8,98.8,20.9,76.5,129.0,potato
23.6,70.0,24.1,27.0,57.8,120.2,soybean
76.5,52.0,58.5,27.3,80.7,166.8,rice
14.5,11.5,123.3,24.6,77.8,78.1,tomato
81.7,82.6,36.3,23.8,80.9,79.2,maize
50.1,67.2,47.1,31.3,77.9,133.8,soybean
51.0,63.3,40.1,28.7,54.8,71.2,soybean
71.2,50.3,33.0,25.9,73.0,200.2,sugarcane
71.9,46.5,44.4,24.0,82.5,135.1,sugarcane
57.5,66.2,37.6,33.4,69.0,110.9,soybean
40.9,44.8,86.7,18.5,73.9,86.8,potato
29.6,22.8,56.8,28.0,71.8,98.3,groundnut
19.7,25.6,126.4,21.2,76.4,102.1,tomato
83.1,56.8,48.7,25.3,70.4,120.6,sugarcane
26.0,34.6,30.2,26.5,62.6,73.7,groundnut
102.4,51.0,52.5,27.2,77.4,156.0,sugarcane
115.5,53.5,41.8,23.8,83.2,97.5,cotton
98.5,52.0,29.9,20.2,76.2,94.6,cotton
114.4,58.0,53.1,29.0,59.1,87.9,maize
108.6,46.9,43.8,18.9,58.4,81.7,wheat
79.1,54.6,30.1,26.0,79.3,176.2,rice
38.2,58.3,48.1,22.7,46.3,67.7,groundnut
91.9,41.6,51.5,21.3,69.4,115.6,maize
96.9,34.5,43.6,21.5,73.9,109.0,wheat
79.6,56.7,45.4,24.3,85.9,114.5,rice
69.4,73.6,36.1,22.4,76.1,66.4,soybean
22.0,41.8,39.3,26.4,65.0,76.1,groundnut
34.4,8.4,110.6,25.9,81.3,120.1,tomato
58.2,76.5,112.1,10.2,74.0,98.9,potato
80.5,73.7,46.2,25.6,54.8,107.2,maize
83.4,45.1,41.0,23.5,82.1,214.9,rice
74.5,47.8,96.6,16.2,77.7,100.3,potato
71.2,43.4,53.1,31.1,66.6,186.1,sugarcane
23.0,21.6,105.2,32.7,84.4,96.9,tomato
19.5,34.9,54.0,29.0,44.3,119.6,mango
116.8,45.5,39.6,18.9,61.9,61.6,wheat
68.4,42.6,35.1,25.2,93.6,144.0,rice
16.3,26.2,48.9,30.9,45.5,41.9,mango
125.0,45.9,46.6,25.6,83.0,108.9,cotton
9.8,39.0,37.3,28.0,47.1,67.5,mango
15.4,28.9,105.3,23.9,83.9,116.0,tomato
82.0,28.1,44.3,25.8,71.1,129.1,sugarcane
10.2,17.1,90.3,32.1,86.3,83.4,tomato
120.0,40.2,25.2,18.3,81.4,68.8,cotton
63.6,30.6,55.9,23.3,77.0,135.4,rice
104.9,30.8,55.0,28.3,67.6,104.9,sugarcane
80.0,62.1,58.5,27.6,68.3,111.6,maize
103.2,46.8,47.6,25.6,73.9,84.1,cotton
96.6,62.2,34.0,25.7,84.8,68.6,cotton
9.9,29.7,36.0,29.6,60.2,132.4,mango
18.0,21.3,45.5,29.2,73.1,56.6,groundnut
104.6,47.2,25.6,23.4,73.4,82.7,cotton
73.2,41.4,46.0,27.2,63.2,136.3,maize
34.2,73.2,37.8,25.5,76.8,84.4,soybean
90.6,58.5,57.9,28.9,77.0,108.3,sugarcane
39.3,50.5,60.2,31.5,57.0,55.6,groundnut
106.6,48.3,52.3,24.3,86.4,109.1,cotton
61.7,52.1,37.6,24.3,85.6,213.3,rice
80.0,50.7,32.1,22.5,88.6,131.1,maize
16.9,28.5,34.4,27.0,76.3,96.5,mango
50.5,52.8,41.9,27.4,67.5,142.0,sugarcane
156.0,35.5,34.7,27.3,70.7,67.3,cotton
19.9,33.5,47.1,30.2,44.7,65.1,mango
70.2,45.5,31.4,24.2,87.0,182.7,rice
88.3,38.9,31.8,25.6,66.6,201.1,sugarcane
18.1,29.3,144.2,28.2,81.6,127.5,tomato
17.0,35.1,53.9,30.2,58.8,91.2,mango
125.0,36.0,38.1,28.2,83.0,121.5,cotton
68.0,86.9,58.2,26.8,65.6,94.7,maize
80.2,34.4,111.4,16.5,88.2,82.8,potato
45.0,71.7,95.9,14.8,88.1,122.0,potato
78.9,55.0,43.6,23.7,83.8,246.1,rice
92.8,26.7,37.9,20.8,57.3,60.9,wheat
108.2,37.6,48.7,25.7,63.9,60.5,wheat
44.2,54.6,48.8,24.7,67.6,79.6,soybean
48.9,38.2,53.7,26.8,70.5,118.5,soybean
19.9,32.9,41.8,31.5,74.8,99.0,groundnut
130.4,61.4,46.8,25.9,70.9,27.4,cotton
21.2,25.9,51.7,30.9,56.0,105.4,groundnut
20.4,24.2,32.1,31.4,47.6,115.5,mango
115.8,41.1,42.4,26.0,85.3,80.1,cotton
71.6,46.5,39.3,27.2,72.1,226.2,sugarcane
78.8,56.2,43.4,25.9,84.8,213.4,rice
68.4,34.7,39.0,26.9,77.6,172.2,sugarcane
16.6,25.3,110.6,26.7,85.9,85.4,tomato
133.2,35.4,36.0,21.4,57.0,86.0,wheat
67.8,32.4,34.3,17.2,71.6,76.1,wheat
17.5,31.2,54.1,30.0,53.4,75.5,mango
40.8,81.6,33.7,29.2,59.0,109.0,soybean
57.7,67.1,42.1,26.3,58.1,132.0,maize
67.3,53.7,84.2,21.5,79.4,70.2,potato
50.5,71.1,38.4,26.4,65.6,118.5,soybean
131.7,36.6,43.7,18.9,88.7,69.8,cotton
14.0,51.5,69.0,29.2,73.9,75.1,groundnut
135.0,32.7,57.5,25.0,76.4,74.0,cotton
35.1,62.3,128.8,17.9,78.6,85.9,potato
48.6,39.1,116.6,12.2,78.8,142.4,potato
22.0,27.1,126.0,20.0,77.7,99.4,tomato
5.4,33.3,44.1,27.5,31.8,75.6,mango
56.4,73.8,43.7,23.8,64.3,99.1,maize
64.1,49.7,30.8,28.1,78.1,190.3,rice
102.0,55.5,29.6,15.6,66.3,81.0,wheat
53.9,68.0,113.4,20.9,73.8,70.3,potato
96.4,49.2,142.4,17.9,76.4,86.5,potato
2.3,30.2,48.9,32.8,70.4,86.1,groundnut
86.1,35.9,36.8,20.5,58.4,102.4,wheat
65.2,55.6,35.0,24.8,74.9,88.6,maize
118.3,56.1,46.0,20.5,76.8,70.8,maize
96.5,32.4,47.4,17.3,65.2,79.8,wheat
91.4,48.5,46.7,27.2,84.1,161.5,sugarcane
74.7,53.3,115.6,21.3,90.4,70.6,potato
5.1,28.0,103.8,25.0,89.3,71.8,tomato
34.6,83.2,48.7,27.5,69.6,62.3,soybean
11.5,16.9,34.0,27.5,53.4,63.6,mango
85.9,40.8,42.9,29.2,86.4,190.2,rice
29.5,59.7,53.8,32.1,62.1,121.4,soybean
31.6,60.1,53.0,29.4,60.6,112.7,soybean
47.0,61.0,37.2,24.8,64.1,127.8,soybean
11.0,24.8,19.9,27.8,45.0,130.2,mango
54.2,56.1,130.0,18.1,82.2,90.8,potato
117.8,48.1,61.1,24.0,81.7,69.8,cotton
10.3,27.3,41.3,29.7,55.1,74.3,mango
111.8,52.2,52.4,28.0,69.0,198.7,sugarcane
73.3,46.9,50.7,22.9,82.7,179.0,rice
24.6,85.9,35.0,27.2,50.9,143.5,soybean
20.8,47.1,51.0,26.4,60.5,96.2,groundnut
1.4,22.6,44.1,31.4,50.6,122.2,mango
123.8,54.6,35.1,25.1,71.8,94.0,cotton
80.5,26.8,39.4,24.8,56.9,87.1,maize
124.5,27.0,19.1,27.5,80.0,103.6,cotton
72.9,57.3,121.5,16.9,73.7,78.7,potato
72.7,57.5,95.6,20.3,84.9,92.0,potato
33.5,41.9,56.6,23.5,74.6,106.0,groundnut
43.6,46.5,114.6,21.6,82.2,45.6,potato
82.1,57.2,43.9,25.8,64.1,105.4,maize
76.1,56.0,43.8,18.6,68.7,75.5,maize
43.9,75.7,65.3,26.0,56.0,81.1,soybean
23.4,75.5,50.5,28.8,79.0,121.5,soybean
75.9,52.5,64.3,26.2,79.5,92.6,sugarcane
88.0,77.6,35.7,30.5,71.2,113.8,maize
98.1,34.8,29.1,20.2,72.7,83.2,cotton
15.5,28.2,43.8,28.1,40.3,109.9,mango
22.2,40.7,56.4,25.9,61.5,50.4,groundnut
30.0,32.2,105.0,29.1,78.7,62.7,tomato
52.5,70.7,44.2,27.6,62.1,107.2,soybean
128.4,50.0,43.0,26.2,89.6,74.3,cotton
84.9,32.5,49.2,24.6,79.4,231.5,rice
90.9,47.2,48.5,27.0,68.4,64.8,cotton
20.6,47.5,43.9,25.5,66.8,102.4,groundnut
40.7,53.1,44.0,33.0,65.9,77.3,soybean
69.0,54.9,52.9,26.7,78.4,199.1,sugarcane
79.4,56.0,41.1,25.3,80.2,198.3,rice
143.0,31.7,39.5,22.7,82.3,104.6,cotton
11.3,28.4,27.9,31.2,46.9,120.6,mango
98.1,49.2,34.4,25.3,72.4,44.1,cotton
90.6,42.7,37.6,19.8,81.8,75.1,wheat
106.5,37.5,39.1,15.3,72.1,78.4,wheat
131.4,60.3,51.9,27.3,80.4,87.8,cotton
96.9,63.7,60.4,27.2,71.9,73.4,sugarcane
110.0,57.2,45.4,28.1,75.0,186.9,sugarcane
102.4,42.6,41.5,28.9,73.0,134.7,sugarcane
83.0,39.0,40.7,24.2,82.6,219.9,rice
81.4,48.4,103.2,19.0,79.0,106.8,potato
28.4,40.1,44.4,31.0,69.2,64.6,groundnut
78.0,57.7,33.3,24.0,75.8,150.8,sugarcane
80.8,38.6,33.7,31.0,82.5,126.6,sugarcane
77.7,16.7,51.1,25.4,78.6,107.8,cotton
48.6,78.5,86.1,22.7,82.1,43.8,potato
16.3,15.6,38.4,31.7,49.2,76.3,mango
71.8,46.1,28.5,25.8,79.0,191.2,rice
41.5,81.6,42.5,30.2,84.9,93.1,soybean
17.8,28.7,45.5,22.0,59.8,60.6,groundnut
85.3,31.9,44.0,23.4,56.9,81.2,wheat
8.2,14.9,146.0,27.2,82.5,95.0,tomato
2.3,27.4,35.8,31.1,57.6,104.9,mango
87.6,64.6,31.2,22.3,69.8,76.3,maize
45.0,83.1,44.8,26.4,82.4,104.9,soybean
41.3,77.2,27.9,31.4,58.2,87.9,soybean
84.2,30.0,72.8,24.5,68.8,136.8,sugarcane
29.8,41.4,41.7,26.8,78.4,78.5,groundnut
103.4,44.4,31.1,24.2,64.2,80.4,wheat
69.2,55.1,98.9,19.3,80.6,100.0,potato
29.2,25.6,120.5,25.5,83.7,115.0,tomato
66.3,31.9,51.6,24.8,55.1,68.2,wheat
100.7,51.5,38.3,25.3,88.0,175.5,rice
36.7,68.8,50.1,39.6,55.0,111.2,soybean
61.0,69.2,88.4,23.1,91.8,79.2,potato
95.4,44.3,41.9,22.6,61.9,89.7,maize
67.6,39.4,47.5,26.2,81.9,203.5,rice
26.6,21.3,118.1,21.4,80.6,80.1,tomato
122.5,41.8,48.9,27.0,81.8,63.5,cotton
99.1,37.5,45.8,26.1,64.2,140.1,sugarcane
59.7,59.0,66.8,18.4,85.0,58.6,potato
47.7,61.6,37.6,30.4,69.2,73.0,soybean
50.7,63.7,39.9,30.2,71.3,55.6,soybean
80.8,68.1,42.5,20.8,64.6,142.6,maize
85.4,46.3,51.6,29.7,73.6,146.4,sugarcane
137.0,44.4,61.6,25.7,77.9,47.8,cotton
98.3,25.5,32.8,17.0,66.7,81.4,wheat
111.3,58.2,45.3,27.1,54.8,142.6,maize
60.4,47.5,31.3,20.7,81.6,61.6,wheat
77.1,48.0,39.7,22.7,87.7,222.6,rice
116.7,47.4,40.1,29.1,78.8,84.6,cotton
88.6,56.4,49.5,26.3,80.4,222.8,rice
75.5,54.8,42.9,28.3,72.7,90.7,sugarcane
22.5,34.0,57.8,27.8,58.0,61.6,groundnut
85.1,49.1,43.4,26.5,69.4,183.6,sugarcane
19.5,32.8,42.3,30.1,55.3,107.9,mango
65.6,66.3,38.0,25.8,67.4,94.1,maize
75.8,39.4,57.5,25.8,69.9,131.7,sugarcane
105.6,66.3,45.8,22.0,58.2,131.2,maize
126.2,42.7,56.9,27.5,85.2,60.7,cotton
8.2,22.0,12.4,28.8,49.3,114.1,mango
54.2,85.3,38.3,32.3,67.9,101.6,soybean
50.5,73.6,44.5,28.7,79.2,63.0,soybean
123.9,33.9,40.7,20.0,58.7,93.0,wheat
22.3,31.7,93.3,29.2,94.5,91.0,tomato
46.0,90.0,18.8,30.2,82.1,107.1,soybean
129.5,43.7,57.1,23.5,85.7,79.2,cotton
29.3,51.9,40.1,26.5,60.7,132.6,groundnut
98.1,75.7,37.0,24.3,51.9,90.2,maize
97.9,29.8,34.4,25.8,89.8,198.0,rice
96.4,45.2,52.1,23.8,86.3,145.1,sugarcane
63.3,54.2,36.2,26.1,73.5,147.9,sugarcane
72.3,69.7,82.7,21.2,89.2,118.1,potato
106.3,48.3,55.5,23.7,75.8,40.6,cotton
140.9,37.2,58.6,20.4,89.8,72.5,cotton
15.4,32.7,134.6,27.1,74.5,99.0,tomato
76.7,56.2,51.4,25.6,54.7,86.7,maize
18.8,11.6,34.3,28.3,35.5,74.2,mango
74.9,37.0,38.4,25.8,91.4,205.2,rice
118.4,44.0,51.5,23.6,81.8,253.1,rice
61.0,73.6,105.4,23.0,75.8,102.8,potato
51.9,51.1,96.8,8.2,75.8,62.5,potato
19.4,32.0,32.5,27.5,47.7,139.2,mango
77.6,53.5,50.3,28.4,81.5,170.7,sugarcane
50.9,59.9,56.7,24.0,66.1,200.2,sugarcane
8.3,26.9,33.8,32.2,62.8,117.0,mango
75.5,58.8,38.5,25.3,81.1,200.5,rice
46.9,55.9,49.3,23.7,60.4,93.5,soybean
76.3,54.1,55.3,28.7,74.3,168.1,sugarcane
8.8,44.6,46.5,29.6,43.8,97.2,mango
24.5,48.6,37.4,22.3,60.5,116.0,groundnut
111.2,48.7,41.8,26.4,77.0,76.3,cotton
74.8,41.5,36.8,29.2,83.9,212.9,rice
105.3,45.1,26.2,22.7,61.1,82.9,wheat
104.0,47.8,48.4,25.6,67.1,131.8,maize
24.0,46.0,60.4,27.2,66.5,53.7,groundnut
22.4,26.5,56.9,27.2,61.5,79.3,groundnut
14.7,37.8,42.7,31.8,51.1,116.9,mango
16.9,13.4,32.4,27.6,60.2,36.2,mango
109.7,70.8,35.7,26.1,54.7,114.3,maize
12.8,45.6,43.3,26.4,44.5,98.7,mango
46.6,61.8,27.2,33.4,68.9,94.3,soybean
74.2,55.2,54.8,25.6,60.8,112.1,maize
89.8,44.0,58.5,22.9,74.4,179.2,rice
54.6,43.8,90.9,18.9,72.9,57.0,potato
38.2,67.0,38.3,30.8,76.0,109.0,soybean
84.4,47.6,40.1,24.5,74.9,187.4,rice
6.4,14.6,138.2,27.6,78.9,124.0,tomato
28.2,53.9,41.4,28.0,54.2,93.0,soybean
22.4,25.0,32.5,30.2,45.6,84.6,mango
102.6,59.6,43.8,26.7,58.1,100.8,maize
27.4,11.5,128.0,21.0,77.8,75.7,tomato
112.4,32.2,48.2,22.5,93.1,91.4,cotton
18.1,41.4,39.2,29.0,61.3,100.9,groundnut
40.9,57.6,48.2,26.5,69.4,91.4,soybean
28.8,46.0,65.2,26.4,78.4,62.0,groundnut
18.4,27.6,113.5,29.2,83.5,86.4,tomato
84.1,35.6,55.7,26.3,71.9,175.6,sugarcane
11.4,14.1,32.7,33.9,55.9,123.1,mango
110.3,41.8,45.5,21.5,70.1,102.2,wheat
84.2,35.2,70.6,24.1,84.4,67.0,cotton
28.2,35.0,48.7,26.3,53.6,62.9,groundnut
76.6,22.0,47.4,22.3,60.4,28.2,wheat
108.0,49.7,28.1,26.3,77.1,223.6,rice
18.6,44.5,54.6,32.1,74.6,74.3,groundnut
86.3,74.9,47.1,22.4,76.2,117.4,maize
12.5,35.5,34.4,33.5,61.9,88.3,mango
62.7,58.5,96.8,22.4,80.9,94.2,potato
129.4,37.9,35.3,23.1,60.2,116.5,wheat
90.3,28.9,35.3,27.2,82.3,167.7,rice
135.1,61.8,34.9,28.2,67.0,56.1,cotton
39.4,78.9,39.1,25.8,61.8,102.1,soybean
54.9,45.0,105.9,18.6,89.4,73.1,potato
112.5,67.8,47.8,26.1,68.2,51.8,maize
18.3,25.9,50.8,31.2,56.2,67.5,groundnut
11.4,21.5,39.6,28.9,38.6,105.4,mango
137.2,47.1,46.1,21.7,74.7,116.0,cotton
11.1,31.5,29.6,28.8,35.7,125.2,mango
98.6,41.0,55.4,26.1,74.2,73.8,cotton
37.8,49.4,42.4,29.7,65.9,87.8,groundnut
49.4,48.3,93.2,16.7,81.3,41.1,potato
39.3,78.4,26.7,32.5,53.3,83.3,soybean
28.1,14.2,118.3,24.3,77.1,114.8,tomato
23.4,30.5,134.1,25.8,75.7,80.0,tomato
16.4,31.5,56.6,25.8,65.5,82.5,groundnut
52.0,51.8,88.1,19.6,79.0,68.9,potato
8.2,25.8,41.0,27.9,55.5,90.0,mango
94.6,45.4,36.0,25.6,73.4,102.1,sugarcane
30.2,33.5,53.6,26.5,66.5,97.8,groundnut
89.6,58.3,42.0,26.4,81.6,243.2,rice
95.7,60.1,43.7,27.2,77.0,120.2,sugarcane
60.5,65.6,31.6,31.1,61.5,79.0,soybean
80.3,48.4,37.1,26.7,81.6,84.3,sugarcane
14.3,26.2,57.7,32.5,61.5,57.2,groundnut
91.1,50.2,61.9,25.4,81.6,133.6,sugarcane
79.8,57.0,69.6,27.9,75.5,151.1,sugarcane
83.7,60.8,39.0,25.6,85.0,205.6,rice
9.4,22.8,38.4,26.7,56.9,30.8,mango
33.5,31.1,56.7,24.5,76.2,84.9,groundnut
111.0,47.7,37.4,25.6,55.4,90.1,maize
47.4,52.8,31.6,22.7,53.6,104.5,soybean
82.7,61.5,111.3,19.3,76.0,35.2,potato
18.8,34.2,64.1,28.6,48.2,66.5,groundnut
87.2,47.2,32.1,25.9,91.4,240.4,rice
27.0,34.6,119.0,29.6,80.3,118.0,tomato
18.5,23.0,154.6,21.8,86.0,133.3,tomato
73.1,63.1,55.8,18.3,69.0,37.7,maize
31.1,33.3,48.0,31.4,76.1,66.4,groundnut
36.8,80.8,31.7,34.5,80.5,106.4,soybean
84.9,43.7,41.0,26.2,77.9,262.8,rice
59.6,52.5,46.5,29.3,80.5,206.6,rice
90.9,42.1,53.5,28.5,63.2,98.9,maize
15.3,38.4,22.0,28.6,61.7,127.3,mango
88.4,29.9,35.5,16.3,65.3,64.6,wheat
12.9,30.2,35.4,33.4,39.7,131.3,mango
44.5,61.8,46.1,30.5,71.5,108.3,soybean
13.6,20.9,35.2,30.1,50.9,88.6,mango
85.2,27.4,43.2,24.2,78.6,218.4,rice
42.0,66.0,36.9,24.4,67.1,99.0,soybean
13.1,35.2,42.0,30.0,49.8,82.2,mango
52.0,83.5,34.9,31.0,76.1,144.7,soybean
92.5,41.2,46.7,18.7,70.0,122.1,maize
79.5,58.5,54.2,21.7,63.2,60.8,wheat
52.6,68.8,91.6,17.6,86.2,72.4,potato
125.6,23.5,56.1,25.9,71.5,131.4,sugarcane
19.8,21.3,49.4,27.8,74.6,80.3,groundnut
77.4,52.6,60.3,28.2,84.7,162.5,sugarcane
15.0,17.5,112.7,17.8,84.0,83.1,tomato
10.0,21.3,41.8,30.7,54.1,127.5,mango
110.6,31.5,35.9,26.6,81.9,83.4,cotton
119.3,52.4,42.9,20.6,60.1,73.7,wheat
27.4,38.9,30.9,25.1,72.2,25.2,groundnut
105.9,26.4,46.7,19.9,52.1,103.3,wheat
28.6,26.9,51.6,30.9,48.4,75.9,groundnut
51.1,61.7,104.7,14.5,83.6,106.9,potato
23.2,16.5,100.1,25.1,89.6,122.9,tomato
85.5,41.1,40.3,27.6,83.0,201.4,rice
108.4,54.7,40.6,24.1,80.2,140.6,maize
105.7,37.9,52.8,20.9,89.7,96.6,cotton
9.4,22.8,35.9,29.5,47.4,107.0,mango
19.9,39.7,24.8,27.5,43.6,88.3,mango
90.1,46.7,45.2,21.9,73.8,126.5,maize
10.2,34.9,61.0,28.5,60.8,96.1,groundnut
91.1,36.0,50.0,25.9,72.9,138.8,sugarcane
108.7,69.8,51.7,23.6,57.9,123.9,maize
14.9,18.6,33.3,31.2,60.4,107.0,mango
46.1,56.5,28.4,30.0,54.1,86.7,soybean
72.2,47.2,39.8,27.4,94.6,184.1,rice
32.2,49.2,43.4,28.3,60.7,63.6,groundnut
16.8,19.6,46.9,29.5,46.6,100.5,mango
68.2,47.0,53.2,25.8,69.4,108.5,maize
80.3,33.9,27.9,26.5,75.8,148.4,sugarcane
13.8,14.1,41.5,32.7,52.2,120.2,mango
106.4,38.9,42.1,24.3,86.7,83.7,cotton
37.5,53.1,115.8,21.4,85.5,60.3,potato
84.1,63.8,51.7,23.1,55.4,73.9,maize
62.5,91.6,117.3,22.5,82.6,83.3,potato
116.1,44.4,42.0,27.1,87.5,235.6,rice
35.7,67.7,41.8,26.6,53.2,145.1,soybean
56.6,47.8,87.7,15.1,74.6,108.4,potato
133.7,40.7,47.1,26.7,82.7,63.5,cotton
71.7,51.3,42.0,22.0,89.7,253.9,rice
131.8,47.7,49.6,24.8,72.9,101.2,cotton
9.0,8.4,135.8,20.5,83.2,117.7,tomato
75.9,37.7,27.3,26.3,73.6,171.5,sugarcane
93.8,29.3,30.1,26.9,77.1,193.3,rice
21.1,28.2,59.3,29.5,83.4,59.7,groundnut
97.4,48.8,47.9,26.4,80.1,166.6,sugarcane
132.3,36.8,54.2,24.6,73.0,71.4,wheat
132.2,53.1,58.4,22.2,65.6,48.0,wheat
1.5,30.3,30.1,27.9,55.5,91.3,mango
74.2,60.1,37.5,24.2,78.4,133.5,maize
86.1,28.0,50.3,25.9,83.3,229.5,rice
51.8,52.3,110.5,17.1,79.3,80.3,potato
85.6,48.9,39.1,23.7,59.6,85.6,wheat
11.7,27.3,141.5,21.9,80.3,122.8,tomato
111.0,53.3,50.1,26.5,75.5,134.6,sugarcane
97.6,44.2,33.1,18.7,70.8,72.5,wheat
9.1,12.7,139.1,22.6,84.5,87.7,tomato
9.5,61.2,45.9,28.4,49.9,78.8,groundnut
10.1,37.2,36.5,33.1,44.9,49.3,mango
18.2,45.2,66.2,26.4,54.3,92.6,groundnut
24.7,22.3,36.5,29.3,44.8,81.8,mango
60.5,69.6,42.6,27.1,68.5,82.1,soybean
18.1,39.9,50.6,25.8,57.7,94.0,groundnut
15.2,39.2,118.6,29.5,80.0,114.2,tomato
139.9,71.1,48.1,19.5,69.3,97.8,wheat
18.9,47.1,43.1,23.8,54.6,50.8,groundnut
97.3,39.2,47.3,27.0,75.9,152.9,sugarcane
24.6,18.3,108.0,29.1,75.6,94.0,tomato
100.2,26.9,31.3,19.1,60.1,76.3,wheat
139.8,40.4,41.5,20.7,76.9,89.9,cotton
103.7,52.7,35.3,26.1,79.7,186.0,rice
74.9,41.3,25.9,23.4,76.4,252.6,rice
109.7,44.4,47.0,25.8,87.7,31.5,cotton
9.9,26.4,40.8,32.6,60.1,98.6,mango
101.6,49.0,42.3,30.8,75.5,118.9,sugarcane
24.0,28.8,62.5,30.7,62.1,75.7,groundnut
22.9,40.0,39.1,31.3,67.4,87.9,groundnut
13.4,16.4,32.2,27.4,48.8,78.3,mango
12.0,4.7,126.9,22.7,86.9,92.4,tomato
9.2,27.9,135.1,26.1,77.7,131.8,tomato
0.0,18.3,145.0,24.6,79.5,94.3,tomato
79.0,63.5,110.9,23.2,80.1,86.3,potato
12.6,20.0,32.1,31.4,48.4,90.3,mango
79.4,41.1,43.2,27.7,57.7,138.0,maize
0.5,10.6,130.2,26.0,85.0,101.3,tomato
23.4,52.2,40.0,27.4,80.9,145.8,soybean
14.0,26.1,41.2,27.5,65.8,74.6,groundnut
56.8,34.6,89.0,18.1,83.7,79.2,potato
12.2,26.4,12.0,29.1,56.1,90.2,mango
23.5,56.8,34.4,26.2,71.6,86.7,groundnut
36.2,49.1,56.4,29.1,59.7,76.0,groundnut
63.1,74.9,101.9,14.6,89.8,87.4,potato
129.4,34.5,56.6,29.9,98.9,57.5,cotton
15.0,24.0,37.9,28.4,57.5,101.9,mango
71.5,76.2,115.9,20.4,80.1,60.4,potato
18.3,39.7,52.7,26.2,73.6,75.8,groundnut
24.3,42.1,54.9,28.2,65.0,103.9,groundnut
123.5,43.7,40.9,21.3,52.4,57.5,wheat
120.9,53.5,49.9,26.7,75.2,41.8,cotton
22.9,31.1,98.7,31.3,69.5,84.6,tomato
21.7,19.3,115.9,22.3,84.8,87.0,tomato
122.7,55.4,34.6,29.3,79.4,62.2,cotton
71.7,86.3,113.2,22.1,91.8,87.5,potato
79.9,58.1,109.3,23.4,86.2,51.8,potato
70.5,54.2,51.8,26.2,63.6,193.3,sugarcane
101.7,53.2,45.3,25.1,74.1,106.1,cotton
123.1,42.6,43.1,24.0,79.0,84.2,cotton
70.4,59.1,95.9,17.9,79.6,71.0,potato
19.9,31.3,129.4,25.5,88.8,52.7,tomato
11.7,24.7,93.7,27.4,77.6,87.5,tomato
65.0,69.7,96.0,16.7,76.4,80.0,potato
19.7,27.3,43.7,26.7,53.0,81.6,mango
61.1,50.5,115.2,17.8,71.1,39.0,potato
20.5,21.6,129.4,25.3,80.5,127.4,tomato
56.8,86.2,96.3,21.2,80.0,43.0,potato
26.8,19.0,138.9,24.4,76.9,90.8,tomato
13.9,22.4,45.5,26.5,69.2,84.9,groundnut
58.0,70.6,113.2,16.2,78.9,85.6,potato
20.3,24.3,48.4,32.3,53.4,112.7,mango
13.2,19.3,33.9,27.8,53.0,114.3,mango
26.4,60.5,56.1,29.4,69.2,58.5,groundnut
0.0,37.8,42.9,30.7,49.5,104.1,mango
118.3,35.3,49.5,25.1,66.1,95.7,cotton
90.2,46.6,32.0,20.6,75.6,103.8,cotton
44.8,75.4,57.1,26.7,54.8,77.6,soybean
9.6,17.1,38.1,30.9,51.3,81.4,mango
64.5,56.2,48.0,30.4,70.6,93.9,maize
135.2,45.8,54.4,23.8,73.4,108.4,cotton
87.4,70.3,44.8,21.0,61.7,103.3,maize
37.5,91.8,27.3,33.6,64.1,107.5,soybean
43.1,47.4,114.9,19.8,79.2,69.8,potato
37.2,38.5,52.0,27.8,58.4,112.5,groundnut
34.2,53.1,37.8,28.6,65.8,92.6,soybean
91.5,63.6,35.9,22.9,64.1,77.6,maize
22.2,67.2,61.5,24.4,49.1,62.5,soybean
85.2,92.4,26.3,28.2,63.6,119.3,maize
35.6,68.6,59.0,28.7,73.7,101.0,soybean
23.7,36.5,45.6,24.7,72.9,89.2,groundnut
135.6,45.0,47.0,22.1,76.5,70.8,cotton
16.6,20.7,37.5,27.3,43.2,124.2,mango
19.4,17.1,95.7,27.9,80.7,111.1,tomato
62.2,67.0,38.8,21.6,61.4,131.4,maize
22.6,11.9,47.3,29.3,67.8,98.1,groundnut
80.3,61.8,43.3,24.6,86.1,133.7,rice
41.9,71.8,32.4,29.6,77.2,80.5,soybean
92.6,49.3,64.7,28.6,66.7,125.7,maize
70.0,50.1,84.4,21.5,82.4,83.4,potato
141.0,48.0,55.7,25.9,73.1,53.3,cotton
85.1,46.2,52.2,26.1,73.8,161.0,sugarcane
1.5,28.4,133.1,25.1,88.3,122.7,tomato
23.0,43.1,49.1,28.0,60.3,65.0,groundnut
14.6,15.9,131.0,21.4,84.8,113.7,tomato
82.9,24.0,30.0,27.1,78.7,161.3,sugarcane
17.2,24.1,128.1,22.3,89.2,62.8,tomato
51.3,62.4,42.9,27.9,63.5,37.8,soybean
133.6,34.5,47.7,24.9,62.0,75.9,wheat
113.7,26.3,54.1,20.8,62.0,82.9,wheat
98.1,47.5,31.2,24.2,86.2,95.9,cotton
113.8,46.1,47.8,25.1,92.6,117.8,sugarcane
106.9,39.5,42.3,17.7,63.2,61.5,wheat
112.4,57.9,47.2,28.9,78.7,98.7,cotton
21.3,20.3,37.5,34.3,61.6,58.2,mango
71.3,54.2,118.6,18.2,77.3,89.5,potato
41.4,75.3,31.2,29.4,61.9,67.0,soybean
4.0,28.7,44.2,28.0,63.8,77.6,groundnut
143.9,33.9,39.3,24.5,71.6,91.8,cotton
12.6,35.8,50.1,30.5,39.3,113.5,mango
95.1,53.2,42.4,25.2,80.4,77.0,cotton
12.3,44.1,38.9,29.3,63.5,70.4,groundnut
87.4,51.2,40.2,24.2,75.6,140.4,sugarcane
20.3,24.2,124.4,26.3,86.3,100.5,tomato
77.3,45.5,40.5,20.0,82.4,94.3,cotton
115.4,45.7,28.0,22.7,88.1,97.7,cotton
92.5,36.4,40.7,24.0,84.4,210.0,rice
86.1,48.4,50.8,28.6,80.5,118.5,sugarcane
18.9,21.2,54.9,24.6,57.3,80.0,groundnut
5.7,24.2,137.2,21.3,84.0,111.6,tomato
83.0,67.9,38.6,20.2,79.0,134.5,maize
65.7,41.2,37.2,28.1,52.8,29.2,maize
34.9,88.0,53.5,27.6,60.0,34.5,soybean
49.9,64.7,41.4,28.9,57.6,97.2,soybean
72.3,26.4,43.3,27.4,66.9,150.5,sugarcane
134.5,35.4,49.9,28.3,85.2,85.0,cotton
102.5,35.7,43.2,21.6,65.4,80.8,wheat
73.5,41.9,42.2,24.0,88.3,173.2,rice
34.9,80.3,39.3,29.1,63.5,130.3,soybean
68.1,43.9,45.0,26.7,76.0,190.0,rice
31.7,74.2,31.0,32.2,83.7,78.5,soybean
113.6,35.1,63.6,18.2,70.9,86.0,wheat
9.5,8.5,118.4,30.8,81.3,106.0,tomato
9.4,36.9,53.9,28.2,55.0,47.4,groundnut
89.9,39.2,45.5,18.5,59.6,80.7,wheat
107.3,58.4,39.8,19.0,64.8,73.9,wheat
64.7,42.1,47.8,26.6,69.4,93.6,maize
23.9,61.2,41.6,27.2,73.6,79.6,groundnut
90.4,31.4,48.9,18.8,73.5,92.3,wheat
90.2,88.1,24.6,24.9,70.1,103.1,maize
20.0,24.2,97.2,24.4,81.0,121.0,tomato
62.1,84.0,53.5,29.1,67.6,125.1,soybean
59.9,71.7,13.0,30.0,62.2,98.1,soybean
14.9,33.8,110.1,30.0,86.1,81.7,tomato
81.1,36.1,42.4,26.6,66.8,76.8,cotton
36.1,84.0,50.7,25.1,56.3,164.0,soybean
55.5,50.4,94.0,17.7,83.7,48.8,potato
77.7,50.7,47.9,23.9,63.9,118.5,maize
8.1,22.4,44.3,31.0,52.1,123.3,mango
68.6,46.5,43.4,28.8,86.8,182.7,rice
13.1,19.0,28.3,32.6,54.4,59.4,mango
67.9,40.0,49.2,25.7,79.4,215.4,rice
46.4,84.9,32.2,27.0,62.5,47.4,soybean
47.4,85.2,39.8,24.7,71.7,118.9,soybean
92.0,76.3,33.5,30.2,72.5,94.1,maize
78.3,29.1,48.8,16.6,70.3,89.3,wheat
89.6,33.6,56.3,22.7,83.5,177.4,rice
106.7,53.3,45.1,22.0,80.0,95.7,cotton
118.4,37.1,44.7,21.0,59.7,99.8,wheat
120.8,34.1,34.3,25.3,86.6,74.9,cotton
31.2,82.0,33.0,29.4,62.0,68.3,soybean
67.0,53.2,62.9,32.2,67.8,171.0,sugarcane
127.2,26.9,11.8,20.6,79.4,104.8,wheat
19.3,24.7,53.1,24.7,58.7,56.2,groundnut
109.8,55.1,31.7,28.4,80.9,73.3,cotton
14.1,32.3,39.9,28.3,56.3,66.3,groundnut
100.9,57.0,35.8,20.6,59.1,53.6,wheat
23.1,24.8,48.7,25.4,70.6,131.5,groundnut
31.6,71.0,42.3,26.8,60.3,105.8,soybean
75.2,55.4,99.0,20.4,86.5,73.3,potato
34.3,53.3,57.8,28.2,65.2,95.3,groundnut
11.0,15.4,116.7,26.8,81.2,108.7,tomato
103.5,78.2,48.6,22.4,80.9,86.7,maize
15.0,13.7,41.9,34.5,39.4,92.9,mango
74.7,33.8,44.3,26.8,68.6,149.7,sugarcane
18.5,28.2,38.4,28.4,53.0,117.3,mango
96.4,71.9,45.0,17.7,61.6,103.0,wheat
101.6,46.0,56.9,22.7,77.7,130.8,sugarcane
86.0,33.4,28.0,25.2,55.0,66.1,wheat
69.9,63.0,39.6,22.1,82.6,179.6,rice
1.0,22.3,124.1,30.8,82.6,120.9,tomato
137.9,51.5,19.3,31.1,81.8,64.5,cotton
65.5,68.0,51.1,21.6,71.6,138.4,maize
134.0,26.4,43.5,26.7,91.1,70.4,cotton
24.1,30.6,127.5,20.2,81.2,76.9,tomato
10.5,12.0,30.1,30.1,44.8,104.9,mango
31.9,55.8,58.8,32.0,81.0,84.3,groundnut
32.0,79.9,48.7,30.0,71.6,95.9,soybean
61.3,48.4,42.3,24.8,80.8,65.4,maize
35.7,11.2,115.2,25.9,91.6,73.5,tomato
54.7,88.0,31.8,24.6,67.4,86.3,soybean
61.9,59.4,32.3,26.4,70.8,111.2,soybean
22.8,33.2,101.9,24.3,81.6,130.8,tomato
10.2,10.6,40.9,29.5,41.1,58.0,mango
0.0,13.8,134.7,25.3,83.0,73.1,tomato
36.5,45.4,43.7,33.4,60.3,111.0,soybean
88.9,26.3,41.1,27.7,58.6,112.8,wheat
59.3,35.6,45.2,26.0,84.6,315.6,rice
113.0,51.3,43.5,26.9,84.2,123.1,cotton
91.4,72.4,29.3,22.9,62.7,80.4,maize
19.6,25.3,141.2,23.4,81.4,90.9,tomato
18.4,11.1,135.9,26.2,73.2,94.0,tomato
11.3,13.7,44.8,32.5,41.1,120.5,mango
63.0,59.8,138.8,15.0,68.1,86.6,potato
88.7,43.0,43.7,23.8,82.4,195.3,rice
71.1,57.0,51.4,19.9,80.0,82.8,potato
73.4,62.8,58.4,27.0,83.1,104.6,sugarcane
101.6,51.2,34.8,25.2,71.9,103.5,maize
55.9,62.9,122.3,12.9,78.7,53.3,potato
111.7,35.6,45.5,22.6,88.9,74.3,cotton
89.4,45.9,54.4,20.1,67.5,114.0,wheat
81.4,25.1,37.8,25.7,89.4,184.5,rice
110.9,40.1,37.6,19.7,64.3,72.6,wheat
101.5,37.8,63.5,25.0,84.7,64.2,cotton
109.2,56.7,41.9,22.0,56.3,72.3,wheat
63.3,91.3,102.9,19.2,80.6,67.2,potato
107.0,51.4,34.3,26.1,89.0,227.7,rice
94.5,29.1,48.3,25.4,80.0,182.1,sugarcane
91.9,35.9,54.0,22.2,84.9,265.7,rice
137.0,47.4,27.7,24.4,81.8,83.5,cotton
15.9,25.0,45.6,28.5,43.3,83.1,mango
16.5,29.2,126.3,22.6,81.6,93.3,tomato
22.7,54.1,40.2,25.6,64.5,73.1,soybean
20.2,24.7,103.5,26.1,85.2,77.0,tomato
83.7,46.7,51.9,31.8,62.4,170.5,sugarcane
67.8,49.8,104.6,16.8,74.6,67.3,potato
20.6,17.4,131.7,24.3,89.0,97.5,tomato
9.8,19.5,39.9,28.4,49.7,94.7,mango
106.8,79.7,26.2,21.9,62.8,75.9,maize
10.2,30.0,48.0,29.8,66.0,101.1,mango
113.1,26.1,38.5,21.9,76.4,77.3,cotton
87.3,31.3,32.3,27.7,72.7,156.1,sugarcane
76.3,54.6,51.9,22.5,85.0,221.0,rice
10.6,19.5,34.6,28.8,39.8,71.9,mango
90.6,41.3,56.1,25.0,66.7,96.1,sugarcane
70.3,40.0,54.0,20.3,62.0,91.4,cotton
17.8,22.8,137.5,30.8,78.6,116.0,tomato
29.6,28.0,41.1,24.7,53.1,82.9,groundnut
89.8,54.0,42.1,23.4,52.9,108.0,maize
52.6,78.0,29.7,30.1,73.0,129.5,soybean
88.3,44.8,37.1,22.5,60.1,86.5,maize
32.8,29.9,118.2,28.2,80.0,116.6,tomato
94.2,53.3,43.1,25.7,71.6,166.1,sugarcane
101.1,50.5,42.7,20.2,82.5,68.4,cotton
85.7,21.3,41.2,19.6,77.1,92.6,wheat
65.1,39.3,41.0,24.0,74.2,202.1,rice
40.3,48.6,52.9,18.6,73.1,81.2,potato
83.9,52.6,45.0,22.7,56.0,115.6,maize
49.3,65.3,20.7,28.6,46.1,108.8,soybean
103.4,53.2,31.9,23.4,75.5,77.6,wheat
84.8,46.4,60.2,26.6,71.6,141.6,sugarcane
26.5,52.3,90.6,16.1,80.7,71.6,potato
93.6,58.0,44.3,21.5,70.3,88.4,wheat
100.0,34.1,55.9,28.2,63.5,152.8,sugarcane
15.7,31.5,135.3,26.6,80.3,119.2,tomato
23.6,19.2,102.7,29.8,88.1,103.1,tomato
105.3,41.9,50.5,19.6,68.1,77.9,wheat
119.1,41.9,54.5,16.5,79.9,77.9,cotton
81.7,70.9,89.4,25.6,82.0,63.3,potato
16.4,58.6,43.3,28.3,62.8,82.5,groundnut
82.7,31.6,43.8,26.2,84.8,232.4,rice
27.6,23.9,47.2,27.6,68.8,25.6,groundnut
80.6,50.2,56.0,28.9,85.8,165.2,sugarcane
72.4,57.7,22.9,27.8,52.5,62.7,soybean
45.6,48.9,112.1,19.7,80.6,86.1,potato
70.1,50.7,32.4,21.4,73.9,201.4,rice
10.5,13.4,103.2,32.1,84.7,106.1,tomato
80.6,26.2,35.7,22.6,72.6,90.3,wheat
64.4,41.3,100.6,14.7,82.8,61.5,potato
93.6,36.6,39.4,25.9,66.5,167.3,maize
80.3,48.5,34.6,23.4,83.0,170.6,rice
26.2,33.5,39.8,25.6,61.4,72.9,groundnut
37.0,71.7,40.7,31.9,72.7,112.3,soybean
26.9,33.3,58.9,32.2,71.2,75.7,groundnut
41.7,54.1,61.4,27.6,66.3,128.9,soybean
55.0,70.1,40.6,28.2,70.5,89.5,soybean
79.6,59.6,139.0,13.8,84.2,103.3,potato
91.1,25.3,49.1,27.0,79.8,179.2,sugarcane
12.8,32.2,112.5,26.9,82.8,129.2,tomato
46.5,75.9,60.6,29.5,71.6,95.1,soybean
